score,period,decile,sessions,annual_return,volatility,sharpe
equal_weight,development,1,5859,0.035914183,0.33146789574588376,0.2723397640137704
equal_weight,development,2,5859,0.07856333,0.2860071873329622,0.40779529881544874
equal_weight,development,3,5859,0.11380947,0.25745015321247994,0.5476900229301002
equal_weight,development,4,5859,0.11385465,0.23837623421535226,0.5719225346717454
equal_weight,development,5,5859,0.12326002,0.22081647759488895,0.6372519358112021
equal_weight,development,6,5859,0.123823404,0.20622098540985717,0.6696611638922931
equal_weight,development,7,5859,0.1249249,0.1920514581173379,0.709430838229344
equal_weight,development,8,5859,0.12716782,0.17956355482641326,0.7568908258458776
equal_weight,development,9,5859,0.1324166,0.16794365184106624,0.8248905650002452
equal_weight,development,10,5859,0.13538337,0.15707859022448958,0.8872857581608329
equal_weight,later,1,1103,-0.03459555,0.3346567187247129,0.06129391158196565
equal_weight,later,2,1103,0.04487014,0.2745649175623708,0.29651680510857725
equal_weight,later,3,1103,0.08839548,0.23878246208400306,0.4736438354274754
equal_weight,later,4,1103,0.1041677,0.21429948972719556,0.5692931195647366
equal_weight,later,5,1103,0.10180545,0.19773379903213684,0.588975914659783
equal_weight,later,6,1103,0.08268237,0.18301373444031932,0.5254617283441042
equal_weight,later,7,1103,0.07434869,0.17081898878696344,0.505156455606605
equal_weight,later,8,1103,0.06778109,0.15889911260749318,0.492171297588665
equal_weight,later,9,1103,0.07659495,0.14725496339058566,0.574861769308377
equal_weight,later,10,1103,0.060569525,0.1366465570056492,0.49877821827744523
ridge,development,1,5859,0.03395164,0.2948495218658934,0.26094098961711243
ridge,development,2,5859,0.075512886,0.2620255058136677,0.4091946611993893
ridge,development,3,5859,0.10354006,0.24329041311831012,0.5270249006339534
ridge,development,4,5859,0.11502123,0.2297048651834975,0.5892342848687775
ridge,development,5,5859,0.12132335,0.21747317359558696,0.6356577756546756
ridge,development,6,5859,0.11973417,0.2076769863993515,0.6488273824439257
ridge,development,7,5859,0.12912202,0.20130501760810735,0.7043561611008858
ridge,development,8,5859,0.13509476,0.19287427764020282,0.7538947012708042
ridge,development,9,5859,0.13134193,0.18796895452547957,0.7508832010366923
ridge,development,10,5859,0.1591978,0.18224209812090708,0.9021353331114734
ridge,later,1,1103,-0.009447634,0.3154717105910331,0.12697677546785405
ridge,later,2,1103,0.036369085,0.2627286169603465,0.2668534036145603
ridge,later,3,1103,0.09320736,0.2342137476279194,0.49722770133772765
ridge,later,4,1103,0.096028924,0.21369836059594613,0.5356207219564947
ridge,later,5,1103,0.094638824,0.19729007821029254,0.5567601241968244
ridge,later,6,1103,0.08103418,0.18488554351678835,0.5137049672090283
ridge,later,7,1103,0.06689072,0.17237744488908832,0.4617208693319099
ridge,later,8,1103,0.06547356,0.15969084077366805,0.4769399627652472
ridge,later,9,1103,0.06575048,0.14965230953612807,0.5003451162077537
ridge,later,10,1103,0.08212912,0.14206097706170487,0.6267290121768039
