period,penalty,ic_mean,ic_sd,ic_ir
development,0.0,0.04655574094262703,0.08344576891224374,0.5579161358269424
development,0.01,0.047231500460223154,0.0847354167638776,0.557399754011215
development,0.1,0.048070971050702134,0.08996433769602594,0.5343336291000741
development,1.0,0.04734684681943294,0.09807301424185172,0.4827714044015599
development,10.0,0.04664026769136908,0.10247842667041832,0.45512279224747676
development,100.0,0.04645614455419615,0.1036388707795485,0.4482501999950731
development,validated,0.04762086129148795,0.08715296100990781,0.5464055465203789
later,0.0,0.04122473532731696,0.10869469949212193,0.3792708891964403
later,0.01,0.04161144480055226,0.11159523997382659,0.37287831282330464
later,0.1,0.04216704573285831,0.12182594071545452,0.34612534477650136
later,1.0,0.038745073811853825,0.13431059792957517,0.2884736901563757
later,10.0,0.03479522449740089,0.13947505159038964,0.24947274871485628
later,100.0,0.03425942792539632,0.14042627809397995,0.24396735703888894
later,validated,0.04216704573285831,0.12182594071545452,0.34612534477650136
