schedule,period,net_return_pct,net_volatility_pct,net_sharpe,net_drawdown_pct,gross_return_pct,traded_notional,market_beta,long_pct,short_pct,gross_exposure_pct,net_exposure_pct,model
o0,later,5.83001294689492,11.403493268334259,0.511247984254436,-11.177012427711187,6.9024397943619995,21.44853694934155,0.08990232195197927,94.56818354883168,36.40709477576084,130.97527832459252,58.16108877307084,equal_weight
o0,development,6.715049386011155,9.110092503097203,0.7371000221708185,-25.096737322989483,8.006663661538227,25.83228551054138,0.104690478664259,91.40175467849842,42.60787566162682,134.00963034012526,48.793879016871614,equal_weight
o1,later,5.161986765185249,11.509498066500178,0.4484979914293441,-10.580360850046521,6.229560765604279,21.351480008380626,0.05680906742580063,94.7880009762141,36.5992545324943,131.3872555087084,58.18874644371979,equal_weight
o1,development,8.45901113043387,9.07159015008703,0.9324728069149729,-23.77239931606554,9.759955705023787,26.0188914917983,0.10507312515112378,91.49593504598074,42.677390968824234,134.17332601480499,48.81854407715652,equal_weight
o2,development,7.372006819036417,9.412194553384008,0.7832399529380667,-25.74271985478237,8.668806455852833,25.9359927363283,0.11040076065439164,91.63946153070071,42.49021949869668,134.1296810293974,49.14924203200404,equal_weight
o2,later,7.014219640732181,11.411081385150682,0.6146849193328717,-10.35313515085986,8.0845852549787,21.40731228493045,0.06544752713458213,94.59717455258655,36.34379983920082,130.9409743917874,58.25337471338573,equal_weight
o0,later,6.18511164675007,9.249860119196716,0.6686708303743736,-9.349269292260265,7.493489374361202,26.167554552222658,0.07818939761871695,90.49896585230876,42.99089132914635,133.4898571814551,47.5080745231624,ols
o0,development,7.358050520054941,7.1841653357539785,1.0242039507965628,-19.108814501768723,8.801065945599952,28.860308510900214,0.08201659884228245,84.32106149542524,54.26787993773915,138.5889414331644,30.05318155768609,ols
o1,later,6.787325050757399,9.314453481389029,0.7286874172831481,-8.18006311514078,8.058969345497756,25.432885894807136,0.03907318692056972,90.99322352461779,42.8982358979692,133.891459422587,48.094987626648596,ols
o1,development,7.8610353981226515,7.496912276876026,1.04856974548972,-18.230974601832294,9.310984629149269,28.998984620532372,0.0983464323478453,84.32039562185197,54.54954706783969,138.86994268969167,29.770848554012286,ols
o2,later,6.129210224092662,8.98817036979273,0.681919675743085,-7.937868480987498,7.439138197133219,26.198559460811126,0.0650267373842747,90.48372304976004,43.07147769474697,133.555200744507,47.41224535501307,ols
o2,development,6.712565521145365,7.417392889063005,0.9049764009458212,-18.782937749997085,8.164115432383156,29.03099822475585,0.09372304526409023,84.64628638365983,54.177789398691225,138.82407578235106,30.468496984968606,ols
o0,development,7.170098605345408,7.298831268210268,0.9823625648909643,-18.37832936898617,8.599719787499831,28.592423643088463,0.08531427340524798,84.91201182963147,53.44363476915059,138.35564659878204,31.468377060480872,ridge_0p01
o0,later,5.957395484167593,9.43032470978481,0.6317275032943733,-9.355314202673448,7.252457847169554,25.901247260039202,0.07921486865929345,90.93306193497462,42.20396286178355,133.13702479675817,48.729099073191065,ridge_0p01
o1,development,8.413179770096491,7.6216990818631976,1.103845701559738,-17.440922066204223,9.851711715602363,28.77063891011741,0.10327631592582569,84.9085956351425,53.62921776492464,138.53781340006714,31.279377870217868,ridge_0p01
o1,later,6.998114848827143,9.454322863382155,0.7402026512053834,-8.340523449883253,8.259243677773087,25.222576578918858,0.04126373712755657,91.59960356204525,42.01727816788633,133.61688172993158,49.58232539415891,ridge_0p01
o2,development,6.791090902829051,7.566978191226913,0.89746405119848,-19.198933921084905,8.232173354735638,28.82164903813176,0.0967149436881889,85.19778160427737,53.406854577039766,138.60463618131712,31.790927027237597,ridge_0p01
o2,later,6.376790131938147,9.249136783432718,0.6894470566551045,-8.139050711424545,7.667065702820489,25.805511417646848,0.07195189786150305,90.98695607985267,42.26866267227785,133.25561875213052,48.718293407574826,ridge_0p01
o0,later,6.941047591554793,10.135896901291602,0.6847985589386083,-10.129802122799935,8.168945890222817,24.55796597336052,0.08201682119846061,92.6088108789574,39.705816360484434,132.31462723944182,52.902994518472966,ridge_0p1
o0,development,7.1516335274942335,8.013759530929526,0.8924192820975135,-20.64968494374724,8.568331243894766,28.33395432801068,0.10101977339535749,86.8723185619335,50.6270980528395,137.49941661477303,36.245220509094,ridge_0p1
o1,later,8.476249711758754,10.245168587297592,0.8273411647191418,-8.532581335984801,9.687880620357822,24.232618171981343,0.04985990154718254,93.14674910656349,39.45321207605684,132.59996118262032,53.69353703050663,ridge_0p1
o1,development,9.370477425657363,8.056373936223855,1.1631135173014884,-18.296656297579116,10.79775931950416,28.545637876935892,0.10653241146266461,86.89397182252804,50.62226642429547,137.51623824682352,36.27170539823258,ridge_0p1
o2,development,7.186661241767167,8.092504517230452,0.8880639147578385,-20.530803496651128,8.60589536229262,28.384682410509086,0.10452272613107827,87.23147790530669,50.30341464979149,137.5348925550982,36.928063255515205,ridge_0p1
o2,later,6.746532489967777,10.102087545993253,0.6678354804639982,-9.511556832786939,7.965184742068619,24.373045042016834,0.07753763866547624,92.78970728943517,39.54034051266805,132.33004780210322,53.24936677676712,ridge_0p1
o0,development,7.274925362472639,8.811870617567678,0.8255824078906782,-25.978715394482254,8.761726649480227,29.73602574015174,0.1088258799938241,89.59790050851142,46.45320644269167,136.0511069512031,43.14469406581974,ridge_1
o0,later,5.290014015551988,11.245713172008273,0.47040271565162917,-11.206210981761567,6.46796727794814,23.559065247923037,0.0634298459294036,94.73929308822025,36.81592008844491,131.55521317666518,57.923372999775324,ridge_1
o1,later,6.804803038626602,11.394211554966523,0.5972157885431324,-9.78734231120113,7.959688519435757,23.097709616183124,0.028413375494029714,95.08791528100012,36.76794437607723,131.85585965707736,58.31997090492289,ridge_1
o1,development,9.38714967745995,8.644519005437564,1.0859076915158912,-21.703932510650226,10.878324777492697,29.823502000654916,0.11026516746955331,89.59506465962508,46.479450929656714,136.0745155892818,43.115613729968366,ridge_1
o2,later,7.315359550223517,11.301762491371198,0.6472759939707399,-10.910104014641897,8.475548128916666,23.203771573862973,0.048154821762646106,95.1156328536473,36.76330654804664,131.87893940169394,58.35232630560064,ridge_1
o2,development,7.267740819976214,8.88155383717126,0.818296094717021,-23.374366502615917,8.75258558572092,29.696895314894146,0.1131645466561106,89.7769896823418,46.371043305416634,136.14803298775843,43.40594637692518,ridge_1
o0,development,6.658233639436561,9.225223636329503,0.7217422473332814,-27.32441955155528,8.147727214631846,29.789871503905722,0.10402686218303288,92.16305560697249,43.149431658484644,135.31248726545712,49.01362394848785,ridge_10
o0,later,5.196480167021157,11.851994614573577,0.43844773272436394,-12.918331671018057,6.269851585605713,21.467428371691142,0.021989081158586745,96.37026743260694,35.013707151008774,131.3839745836157,61.35656028159815,ridge_10
o1,development,8.670946729782532,9.095402674763964,0.9533329133234394,-27.32770649830837,10.166631211004281,29.913689624434966,0.09709552608913825,92.10898116175566,43.25459765251736,135.36357881427307,48.85438350923831,ridge_10
o1,later,5.442238850155368,11.9908920055842,0.4538643870381702,-10.547407190617086,6.48974631839859,20.950149364864444,-0.009726452573359743,96.4475151573334,35.023034851514815,131.47055000884822,61.424480305818584,ridge_10
o2,later,6.823914943273008,11.906798896332779,0.5731107917993588,-10.596930531651083,7.889897448478198,21.3196501041038,0.0030541665167022752,96.40458734583186,34.93316886459741,131.33775621042926,61.47141848123445,ridge_10
o2,development,7.295862734117864,9.37203779243393,0.7784713309636707,-28.221535674575904,8.791797399854902,29.91869331474079,0.0999996696418844,92.16501030961102,43.070832990506005,135.235843300117,49.09417731910502,ridge_10
o0,development,6.522268663158001,9.320946155903812,0.6997431971031018,-30.938035001429732,7.984826143520164,29.251149607243267,0.09943289373761427,92.79513679455557,42.264002932769465,135.05913972732503,50.53113386178612,ridge_100
o0,later,4.996433415166441,12.011902393905235,0.41595687771335876,-13.114347300981933,6.014057540857181,20.352482513814792,0.008025720528511863,96.64561020667819,34.532263641062436,131.1778738477406,62.11334656561574,ridge_100
o1,development,8.577593245707556,9.24966560382054,0.9273409021580858,-31.057160295543675,10.048008533109615,29.4083057480412,0.09197587123765105,92.79110277196004,42.43098984906244,135.22209262102248,50.360112922897606,ridge_100
o1,later,5.3727450411571045,12.146589701550242,0.44232539117307906,-11.119718958769532,6.365587905280528,19.856857282468454,-0.021287078591640703,96.66163643429772,34.49919375921734,131.16083019351507,62.162442675080364,ridge_100
o2,development,6.932661276206333,9.527925743039232,0.7276149566206572,-33.31477179912577,8.400780786626713,29.362390208407597,0.09428872454546058,92.78844943134136,42.263327738036736,135.0517771693781,50.525121693304634,ridge_100
o2,later,7.035382701420117,12.083784422910357,0.5822168333358647,-10.702518387964266,8.052423243918915,20.340810849976,-0.008912626508840333,96.67345030238204,34.42733095500017,131.10078125738224,62.246119347381864,ridge_100
