date,long_gross,short_gross,net_stock_exposure
1998-09-30,0.6661897901,0.3130329889,0.3531568012
1998-10-30,0.6175852263,0.3055917068,0.3119935195
1998-11-30,0.6882349443,0.2644035797,0.4238313646
1998-12-31,0.6388693332,0.2798303863,0.3590389469
1999-01-29,0.7532533032,0.3167957078,0.4364575955
1999-02-26,0.8672842199,0.3532971087,0.5139871112
1999-03-31,0.7549635761,0.3823404365,0.3726231396
1999-04-30,0.6999077404,0.3705782128,0.3293295276
1999-05-28,0.6119089525,0.3424718459,0.2694371066
1999-06-30,0.5680436535,0.3692995761,0.1987440773
1999-07-30,0.7221784941,0.4321661707,0.2900123234
1999-08-31,0.7754583362,0.4520534531,0.3234048831
1999-09-30,0.7548620158,0.4280602267,0.3268017891
1999-10-29,0.7219469221,0.4033066522,0.3186402699
1999-11-30,0.7406623842,0.3862561335,0.3544062507
1999-12-31,0.6882321272,0.3492756062,0.3389565210
2000-01-31,0.6343250600,0.3645824806,0.2697425794
2000-02-29,0.5809275942,0.3689110939,0.2120165003
2000-03-31,0.5869736654,0.3524352462,0.2345384192
2000-04-28,0.4141746946,0.3523085003,0.0618661943
2000-05-31,0.3614979142,0.3214845223,0.0400133919
2000-06-30,0.4452216846,0.2901727150,0.1550489696
2000-07-31,0.5058837831,0.3109547998,0.1949289833
2000-08-31,0.4944863854,0.4011210743,0.0933653112
2000-09-29,0.6402864444,0.3381986825,0.3020877618
2000-10-31,0.6176037418,0.3873540111,0.2302497307
2000-11-30,0.6245546252,0.3307804188,0.2937742064
2000-12-29,0.5787706883,0.3167168239,0.2620538645
2001-01-31,0.5768710582,0.2304719641,0.3463990941
2001-02-28,0.5801943800,0.2155960309,0.3645983491
2001-03-30,0.4253061435,0.3006720895,0.1246340540
2001-04-30,0.6330680287,0.2733750870,0.3596929417
2001-05-31,0.7751270888,0.1993697308,0.5757573580
2001-06-29,0.6479311706,0.2771656907,0.3707654799
2001-07-31,0.6422501769,0.3831527575,0.2590974193
2001-08-31,0.7587263613,0.3522966800,0.4064296813
2001-09-28,0.6336310874,0.4020005203,0.2316305671
2001-10-31,0.6476373840,0.3543142868,0.2933230972
2001-11-30,0.6777060096,0.2510815134,0.4266244962
2001-12-31,0.6524624380,0.2681664739,0.3842959640
2002-01-31,0.6441669402,0.3913468103,0.2528201299
2002-02-28,0.6767666862,0.4823748877,0.1943917986
2002-03-28,0.7453349353,0.4867042467,0.2586306886
2002-04-30,0.5876102338,0.5354760975,0.0521341363
2002-05-31,0.5527502571,0.5637348990,-0.0109846418
2002-06-28,0.6223027809,0.5356546099,0.0866481711
2002-07-31,0.6681554310,0.4357729197,0.2323825113
2002-08-30,0.5869294328,0.3652227010,0.2217067318
2002-09-30,0.4736052053,0.2999789589,0.1736262464
2002-10-31,0.4301672530,0.3549970181,0.0751702349
2002-11-29,0.5988338446,0.2982517658,0.3005820789
2002-12-31,0.6182278960,0.2838146151,0.3344132809
2003-01-31,0.6396119287,0.3377877952,0.3018241335
2003-02-28,0.6839334666,0.4397433764,0.2441900903
2003-03-31,0.7884206903,0.4432683454,0.3451523449
2003-04-30,0.7370515907,0.4579989522,0.2790526385
2003-05-30,0.7399086378,0.4484622182,0.2914464196
2003-06-30,0.7220477117,0.4830593426,0.2389883691
2003-07-31,0.7593256956,0.6001680972,0.1591575984
2003-08-29,0.8198614319,0.6791558726,0.1407055593
2003-09-30,0.9367427819,0.7182956745,0.2184471074
2003-10-31,0.8727182275,0.8043370041,0.0683812234
2003-11-28,0.9284167864,0.8756241999,0.0527925865
2003-12-31,0.8741217949,0.8648303635,0.0092914313
2004-01-30,0.9373943647,0.8235482781,0.1138460866
2004-02-27,0.9353153844,0.8161882491,0.1191271353
2004-03-31,0.9054997125,0.8004428029,0.1050569096
2004-04-30,0.8682461556,0.7258972665,0.1423488891
2004-05-28,0.7978857375,0.7390609004,0.0588248371
2004-06-30,0.8627685508,0.7305237499,0.1322448008
2004-07-30,0.8697624998,0.7322874218,0.1374750780
2004-08-31,0.9255007285,0.7542351200,0.1712656085
2004-09-30,0.9385304179,0.7021019758,0.2364284420
2004-10-29,0.9809299442,0.6962617892,0.2846681551
2004-11-30,0.9775239919,0.7283807439,0.2491432481
2004-12-31,0.9885563916,0.7134001674,0.2751562242
2005-01-31,0.9879239352,0.7004630766,0.2874608587
2005-02-28,1.0106640244,0.7449734803,0.2656905441
2005-03-31,0.9955018872,0.7641627660,0.2313391212
2005-04-29,0.9804514833,0.7133153446,0.2671361387
2005-05-31,0.9464598548,0.7168037850,0.2296560698
2005-06-30,1.0011760380,0.7056793955,0.2954966425
2005-07-29,1.0129218606,0.7933209854,0.2196008752
2005-08-31,1.0004090180,0.9020376558,0.0983713622
2005-09-30,0.9901049182,0.8802174672,0.1098874510
2005-10-31,0.9709259054,0.8253024447,0.1456234607
2005-11-30,1.0079066666,0.8100917448,0.1978149218
2005-12-30,0.9397516069,0.7659025825,0.1738490244
2006-01-31,1.0007565132,0.8327934525,0.1679630607
2006-02-28,1.0043687454,0.8420186458,0.1623500996
2006-03-31,0.9848606054,0.8596678052,0.1251928002
2006-04-28,0.9937457535,0.8042147250,0.1895310285
2006-05-31,0.9786624967,0.8241002129,0.1545622838
2006-06-30,0.9551056439,0.8641868177,0.0909188263
2006-07-31,0.8908883902,0.8060302898,0.0848581004
2006-08-31,0.8737169806,0.7256674913,0.1480494893
2006-09-29,0.8893968192,0.7234841248,0.1659126944
2006-10-31,0.9827562582,0.7175754638,0.2651807944
2006-11-30,1.0123419434,0.7543846264,0.2579573170
2006-12-29,1.0143053557,0.7677919854,0.2465133704
2007-01-31,1.0132950469,0.8170709897,0.1962240572
2007-02-28,1.0137571887,0.8282109308,0.1855462579
2007-03-30,0.9926559093,0.7559475678,0.2367083416
2007-04-30,1.0165427861,0.7756935328,0.2408492532
2007-05-31,1.0059991029,0.7825648725,0.2234342304
2007-06-29,0.9932263084,0.8164475748,0.1767787336
2007-07-31,0.9931207527,0.8045237976,0.1885969551
2007-08-31,0.9905763838,0.6688688197,0.3217075640
2007-09-28,0.9021149108,0.5600690767,0.3420458342
2007-10-31,0.7560938667,0.5398135857,0.2162802810
2007-11-30,0.7325382576,0.5914954821,0.1410427755
2007-12-31,0.8225703995,0.5313277265,0.2912426730
2008-01-31,0.7049921905,0.4863960081,0.2185961824
2008-02-29,0.7528475159,0.3693595325,0.3834879834
2008-03-31,0.6647852574,0.3992814084,0.2655038490
2008-04-30,0.6896607375,0.3898405237,0.2998202138
2008-05-30,0.7692122511,0.3699365040,0.3992757471
2008-06-30,0.7639451190,0.3988929626,0.3650521565
2008-07-31,0.7799656969,0.4422904315,0.3376752654
2008-08-29,0.7615864045,0.3005093311,0.4610770734
2008-09-30,0.6545954689,0.2624926126,0.3921028563
2008-10-31,0.4793224701,0.1965666253,0.2827558448
2008-11-28,0.3461310761,0.1732791954,0.1728518807
2008-12-31,0.3155848021,0.1644212530,0.1511635491
2009-01-30,0.3407756035,0.1406782736,0.2000973299
2009-02-27,0.4005419469,0.1640978057,0.2364441412
2009-03-31,0.4775928287,0.2421742935,0.2354185352
2009-04-30,0.5239930506,0.2080678084,0.3159252422
2009-05-29,0.5541825057,0.1897271822,0.3644553235
2009-06-30,0.5653456920,0.2087857737,0.3565599183
2009-07-31,0.6149725421,0.2727527398,0.3422198023
2009-08-31,0.6972686700,0.3412863995,0.3559822706
2009-09-30,0.8005140694,0.3898293232,0.4106847462
2009-10-30,0.7911877685,0.4549480525,0.3362397160
2009-11-30,0.8480084339,0.4858500920,0.3621583419
2009-12-31,0.8168053998,0.5477829238,0.2690224760
2010-01-29,0.8929875927,0.5448525301,0.3481350627
2010-02-26,0.9520610330,0.5887377286,0.3633233044
2010-03-31,0.9721216189,0.6270651289,0.3450564900
2010-04-30,0.9765854036,0.6225436051,0.3540417986
2010-05-28,0.9504172446,0.5796728758,0.3707443688
2010-06-30,0.8311835270,0.4616776026,0.3695059244
2010-07-30,0.7223614385,0.4358510787,0.2865103598
2010-08-31,0.6834436948,0.4357400445,0.2477036503
2010-09-30,0.8216306761,0.5244530435,0.2971776326
2010-10-29,0.9018906422,0.5685142222,0.3333764200
2010-11-30,0.9887017001,0.6367232605,0.3519784396
2010-12-31,1.0110200332,0.6859955387,0.3250244946
2011-01-31,1.0076226870,0.7173381364,0.2902845506
2011-02-28,1.0171203538,0.7256013304,0.2915190234
2011-03-31,0.9995753364,0.6671426984,0.3324326380
2011-04-29,1.0019243813,0.7000488562,0.3018755251
2011-05-31,0.9917196617,0.7209250625,0.2707945992
2011-06-30,0.9915748380,0.6873805678,0.3041942701
2011-07-29,1.0029037781,0.6915443896,0.3113593885
2011-08-31,0.8458838616,0.5414188974,0.3044649642
2011-09-30,0.5877641032,0.4081825816,0.1795815215
2011-10-31,0.5271695292,0.3839888089,0.1431807203
2011-11-30,0.5804573462,0.3447708060,0.2356865402
2011-12-30,0.6550735069,0.4084795510,0.2465939559
2012-01-31,0.7646056389,0.4619246666,0.3026809722
2012-02-29,0.9807232430,0.5279370044,0.4527862386
2012-03-30,1.0082285306,0.6119709081,0.3962576225
2012-04-30,1.0037135580,0.6948092376,0.3089043205
2012-05-31,0.9897498307,0.6584719237,0.3312779071
2012-06-29,0.9955581364,0.5941916640,0.4013664724
2012-07-31,0.8787704896,0.5537948976,0.3249755920
2012-08-31,0.9556809904,0.5354161978,0.4202647926
2012-09-28,1.0055293461,0.5897744213,0.4157549249
2012-10-31,0.9988211311,0.6293515114,0.3694696197
2012-11-30,0.9996474489,0.6795608026,0.3200866463
2012-12-31,1.0123822990,0.6727323991,0.3396498999
2013-01-31,1.0256945548,0.6972991111,0.3283954437
2013-02-28,1.0086469917,0.7340007701,0.2746462216
2013-03-28,1.0181792802,0.7397795681,0.2783997120
2013-04-30,1.0128669494,0.7548876663,0.2579792831
2013-05-31,1.0091309965,0.6929779826,0.3161530140
2013-06-28,0.9887477585,0.6635622777,0.3251854808
2013-07-31,1.0120240726,0.7041623829,0.3078616897
2013-08-30,0.9805659179,0.7139873760,0.2665785418
2013-09-30,1.0170136536,0.7077424166,0.3092712369
2013-10-31,1.0110959830,0.7802471160,0.2308488670
2013-11-29,1.0129850065,0.7718504667,0.2411345398
2013-12-31,1.0040627486,0.7366727791,0.2673899694
2014-01-31,0.9952776129,0.7532420039,0.2420356090
2014-02-28,1.0055007710,0.7862922511,0.2192085200
2014-03-31,1.0079563717,0.7417688627,0.2661875091
2014-04-30,0.9925530792,0.7996005455,0.1929525337
2014-05-30,1.0085370449,0.7900412967,0.2184957482
2014-06-30,1.0118191582,0.7406525868,0.2711665714
2014-07-31,1.0001912280,0.7574950636,0.2426961644
2014-08-29,1.0064661519,0.7954976903,0.2109684615
2014-09-30,0.9995269051,0.7682733274,0.2312535777
2014-10-31,0.9950738702,0.6775406936,0.3175331766
2014-11-28,1.0252494465,0.6381348431,0.3871146033
2014-12-31,0.9867647270,0.6510423516,0.3357223754
2015-01-30,1.0026651087,0.6111588787,0.3915062300
2015-02-27,1.0195783921,0.5581018998,0.4614764923
2015-03-31,1.0053273056,0.5468210627,0.4585062430
2015-04-30,1.0035917918,0.5622968538,0.4412949380
2015-05-29,1.0017975274,0.5886231859,0.4131743415
2015-06-30,1.0006053456,0.6389719214,0.3616334242
2015-07-31,0.9981382372,0.7656338120,0.2325044252
2015-08-31,0.9887400247,0.7243684536,0.2643715710
2015-09-30,0.9321463348,0.5124924281,0.4196539066
2015-10-30,0.8780369615,0.4839138210,0.3941231406
2015-11-30,0.8797194620,0.4447849559,0.4349345061
2015-12-31,0.9267689974,0.4658499234,0.4609190741
2016-01-29,0.9154404717,0.4361594098,0.4792810618
2016-02-29,0.9582590955,0.3838024353,0.5744566602
2016-03-31,0.8681982791,0.3837442195,0.4844540596
2016-04-29,0.8233351476,0.3724489048,0.4508862428
2016-05-31,0.9934431405,0.3989562219,0.5944869186
2016-06-30,1.0071133390,0.4595695601,0.5475437789
2016-07-29,1.0147393054,0.4697329216,0.5450063838
2016-08-31,0.9969338663,0.5105513542,0.4863825121
2016-09-30,1.0011003239,0.5301084795,0.4709918443
2016-10-31,0.9968097627,0.5677807694,0.4290289934
2016-11-30,1.0133011686,0.5909126537,0.4223885149
2016-12-30,1.0065514447,0.5415582874,0.4649931573
2017-01-31,1.0091477826,0.5875771413,0.4215706413
2017-02-28,1.0141958101,0.6539467463,0.3602490638
2017-03-31,1.0026074079,0.7881310941,0.2144763139
2017-04-28,1.0044701832,0.7616427373,0.2428274459
2017-05-31,1.0058271401,0.7766067054,0.2292204347
2017-06-30,1.0116529534,0.7251619589,0.2864909944
2017-07-31,1.0133480208,0.6792908517,0.3340571691
2017-08-31,1.0012883345,0.6739709959,0.3273173386
2017-09-29,1.0109168416,0.7172374592,0.2936793824
2017-10-31,1.0128497258,0.7429129375,0.2699367883
2017-11-30,1.0081149202,0.7259976328,0.2821172874
2017-12-29,1.0065736932,0.6692647795,0.3373089137
2018-01-31,1.0194092705,0.6446740264,0.3747352441
2018-02-28,0.9806778794,0.6166570864,0.3640207930
2018-03-29,0.9717033769,0.5639433629,0.4077600141
2018-04-30,0.8634993652,0.5497510566,0.3137483086
2018-05-31,0.9156268732,0.5461963893,0.3694304839
2018-06-29,0.9904138451,0.6611999022,0.3292139429
2018-07-31,1.0081670847,0.6534635633,0.3547035213
2018-08-31,1.0122914454,0.7205360232,0.2917554221
2018-09-28,1.0035833843,0.6924773895,0.3111059948
2018-10-31,0.9747490240,0.6488338899,0.3259151341
2018-11-30,0.9671887724,0.5788762115,0.3883125609
2018-12-31,0.8152189858,0.4813566431,0.3338623427
2019-01-31,0.7936820561,0.4776815193,0.3160005368
2019-02-28,0.7885068614,0.4877593064,0.3007475551
2019-03-29,0.8131820859,0.5476042782,0.2655778076
2019-04-30,0.9789351606,0.6098861853,0.3690489753
2019-05-31,0.9943533822,0.6164201651,0.3779332171
2019-06-28,1.0196018860,0.6151179987,0.4044838873
2019-07-31,1.0122833995,0.6024749420,0.4098084575
2019-08-30,0.9872924191,0.6032235208,0.3840688983
2019-09-30,0.9973963469,0.5506015123,0.4467948345
2019-10-31,0.9770809743,0.5104601611,0.4666208132
2019-11-29,1.0023019951,0.5307117731,0.4715902220
2019-12-31,1.0030370253,0.5511834724,0.4518535529
2020-01-31,1.0108864516,0.5746817386,0.4362047130
2020-02-28,0.9943854545,0.6024205990,0.3919648556
2020-03-31,0.7142098989,0.3994217369,0.3147881620
2020-04-30,0.3683499067,0.2295391225,0.1388107841
2020-05-29,0.3103397513,0.1915576250,0.1187821264
2020-06-30,0.3475553655,0.2056932756,0.1418620899
2020-07-31,0.5791647336,0.2951821294,0.2839826042
2020-08-31,0.6963515875,0.3507557735,0.3455958140
2020-09-30,0.7900496447,0.3952367298,0.3948129149
2020-10-30,0.8920802917,0.4709794224,0.4211008694
2020-11-30,0.8644817279,0.4855664640,0.3789152639
2020-12-31,0.7985192069,0.3566983280,0.4418208789
2021-01-29,0.8324649485,0.3940954641,0.4383694844
2021-02-26,0.8737345078,0.4130827972,0.4606517105
2021-03-31,0.8891215541,0.4204472730,0.4686742811
2021-04-30,0.8281376716,0.4176707440,0.4104669276
2021-05-28,0.8697560272,0.4556432170,0.4141128101
2021-06-30,0.9761443255,0.4658915012,0.5102528242
2021-07-30,1.0078247291,0.5169740329,0.4908506963
2021-08-31,1.0087199763,0.5401019337,0.4686180426
2021-09-30,0.9887658301,0.5191189907,0.4696468394
2021-10-29,1.0084622739,0.5130272046,0.4954350693
2021-11-30,1.0065123773,0.4867704951,0.5197418822
2021-12-31,0.9683630553,0.4554359009,0.5129271544
2022-01-31,0.9143477882,0.4373893906,0.4769583975
2022-02-28,0.9104157116,0.4243196942,0.4860960174
2022-03-31,0.8316787478,0.3603902037,0.4712885442
2022-04-29,0.7131109804,0.3376088764,0.3755021040
2022-05-31,0.7032586378,0.3511091709,0.3521494669
2022-06-30,0.7608246974,0.3077396203,0.4530850771
2022-07-29,0.7070458800,0.3057117066,0.4013341733
2022-08-31,0.7682804966,0.3127900798,0.4554904168
2022-09-30,0.8254190704,0.3500769134,0.4753421570
2022-10-31,0.8462143972,0.3981736692,0.4480407280
2022-11-30,0.7367229528,0.3962048477,0.3405181051
2022-12-30,0.7257922042,0.3464612467,0.3793309575
2023-01-31,0.7863771667,0.3844096566,0.4019675101
2023-02-28,0.9380750694,0.3764080942,0.5616669751
2023-03-31,0.9422703882,0.3952008161,0.5470695721
2023-04-28,0.8985998995,0.4207891331,0.4778107664
2023-05-31,0.8728192260,0.4329105885,0.4399086375
2023-06-30,0.9861981121,0.4440769428,0.5421211693
2023-07-31,1.0088342542,0.4854895305,0.5233447237
2023-08-31,0.9907204216,0.4802977567,0.5104226649
2023-09-29,0.9954867117,0.5221567057,0.4733300060
2023-10-31,0.9878076738,0.5272821247,0.4605255491
2023-11-30,1.0055106733,0.5109691215,0.4945415517
2023-12-29,0.9476711271,0.4742355431,0.4734355840
2024-01-31,0.9440000264,0.4447465642,0.4992534622
2024-02-29,1.0136752148,0.4807994896,0.5328757252
2024-03-28,1.0159598507,0.4890903825,0.5268694682
2024-04-30,0.9881487728,0.5013596611,0.4867891116
2024-05-31,1.0095800294,0.5029967529,0.5065832765
2024-06-28,0.9966177600,0.4885804119,0.5080373481
2024-07-31,1.0153256330,0.5209236556,0.4944019774
2024-08-30,0.9862087601,0.4891248101,0.4970839500
2024-09-30,0.9871734048,0.4620586316,0.5251147732
2024-10-31,1.0015565947,0.4672519876,0.5343046070
2024-11-29,1.0140910764,0.5158933186,0.4981977578
2024-12-31,0.9673920854,0.4681263359,0.4992657495
2025-01-31,0.9830809726,0.4576340637,0.5254469090
2025-02-28,0.9479631308,0.4725410055,0.4754221253
2025-03-31,0.8638330816,0.4522707150,0.4115623667
2025-04-30,0.7743758417,0.3829167379,0.3914591038
2025-05-30,0.7175524564,0.3328554605,0.3846969959
2025-06-30,0.6690613366,0.3542450430,0.3148162936
2025-07-31,0.8212079889,0.4192321771,0.4019758118
2025-08-29,1.0071116775,0.4917623795,0.5153492980
2025-09-30,1.0009831832,0.4805472813,0.5204359019
2025-10-31,0.9956764708,0.4588238354,0.5368526354
2025-11-28,0.9791328152,0.4468814064,0.5322514088
2025-12-31,0.9933883282,0.4761631302,0.5172251980
2026-01-30,0.9877847012,0.4874013366,0.5003833646
2026-02-27,0.9313782209,0.4668473499,0.4645308711
2026-03-31,0.7790839427,0.3970115582,0.3820723845
2026-04-30,0.7861177310,0.4027098493,0.3834078817
2026-05-27,0.8212212234,0.3780151446,0.4432060788
