X_feature_market_cap_log_to_min504,X_feature_market_cap_log_to_min126,X_feature_price_price_to_min252,X_feature_price_high_to_initial90_exclude10,X_feature_price_high_to_initial126_exclude21,X_feature_price_freq_loss_fl63,X_feature_price_macd_21_126,X_feature_price_macd_10_21,X_feature_price_sharpe_ratio_compound_r63_volatility63_rolling,X_feature_price_ret90_shift0,X_feature_price_price_to_ma252,X_feature_price_sharpe_ratio_compound_r126_volatility126_rolling,X_feature_market_cap_log_diff_126,X_feature_price_final_to_high90_exclude10,X_feature_price_final_to_high252_exclude21,X_feature_price_price_to_max252,X_feature_market_cap_log_to_max504,X_feature_price_freq_loss_fl756,X_feature_price_freq_loss_fl252,X_feature_price_high_to_initial252_exclude21,X_feature_price_ret252_shift0,X_feature_price_macd_21_252,X_feature_price_trend_streak200_126,X_feature_price_trend_streak200_252,X_feature_market_cap_log_diff_504,X_feature_price_trend_streak200_504,X_feature_price_lag1,X_feature_price_bb_pct5,X_feature_price_price_to_min5,X_feature_price_price_to_min10,X_feature_price_price_to_min21,X_feature_price_ret10_shift0,X_feature_price_price_to_ma21,X_feature_price_bb_pct21,X_feature_price_bb_pct10,X_feature_price_ret5_shift0,X_feature_price_price_to_ma10,X_feature_price_freq_loss_fl21,X_feature_price_price_to_min63,X_feature_price_ret21_shift0,X_feature_price_price_to_ma63,X_feature_price_bb_pct126,X_feature_market_cap_log_std126,X_feature_market_cap_log_std252,X_feature_market_cap_log_std504,X_feature_market_cap_log_std21,X_feature_price_downside_vol10,X_feature_price_downside_vol21,X_feature_price_vol10,X_feature_price_upside_vol10,X_feature_price_upside_vol21,X_feature_price_upside_vol63,X_feature_price_atr5,X_feature_price_downside_vol63,X_feature_price_downside_vol126,X_feature_price_atr21,X_feature_price_vol252,X_feature_price_atr126,X_feature_market_cap_log_identity,X_feature_pv_illiquidity_mean21,X_feature_volume_log_volume_std504,X_feature_volume_log_volume_std63,X_feature_volume_log_volume_std126,X_feature_pv_pv_corr21,X_feature_pv_pv_corr63,X_feature_pv_pv_corr126,X_feature_liquidity_turnover_level63,X_feature_volume_log_volume_ratio_max126,X_feature_volume_log_volume_ratio_max252,X_feature_market_corr252,X_feature_market_corr504,X_feature_short_interest_to_volume_log_ratio_std63,X_feature_short_interest_to_volume_log_ratio_std252,X_feature_short_interest_to_volume_log_ratio,X_feature_short_interest_to_volume_log_ratio_mean63,X_feature_short_interest_to_volume_log_ratio_mean252,X_feature_short_interest_log_diff21,X_feature_short_interest_log_diff252,X_feature_short_interest_log_diff63,X_feature_short_interest_log_diff126
1.000000,-0.596548,0.713218,-0.425225,0.467212,0.197140,0.366104,0.269486,0.335004,0.406226,0.528410,0.425541,0.523825,0.131710,0.187797,0.236244,0.343558,0.157677,0.273389,0.571537,0.571592,0.425327,0.432249,0.452229,0.688750,0.361626,-0.051259,-0.081144,-0.164320,-0.224449,-0.292089,-0.171323,-0.209929,-0.167691,-0.118832,-0.125684,-0.149758,-0.135375,-0.424502,-0.234839,-0.329596,0.348836,-0.311870,-0.433116,-0.643706,-0.208379,-0.129439,-0.158790,-0.234776,-0.267840,-0.311272,-0.365312,-0.250767,-0.187607,-0.213644,-0.286164,-0.354112,-0.334535,0.055780,0.049290,-0.147718,-0.061985,-0.082677,-0.116035,-0.185321,-0.239212,-0.220027,-0.066611,-0.088196,0.019888,-0.033188,-0.069126,-0.107321,0.052510,0.059348,0.032850,0.022448,0.074970,0.041578,0.061676
-0.596548,1.000000,-0.772720,0.546761,-0.395040,-0.362605,-0.323301,-0.527130,-0.616229,-0.670362,-0.607777,-0.593419,-0.679648,-0.279130,-0.169733,-0.321498,-0.289709,-0.029973,-0.170122,-0.253830,-0.397101,-0.173279,-0.210797,-0.087288,-0.292451,-0.024604,0.118439,0.185786,0.271697,0.375702,0.509475,0.360155,0.441546,0.372992,0.267663,0.269279,0.323536,0.294293,0.775819,0.478540,0.636630,-0.631513,0.517912,0.429657,0.352375,0.220127,0.040808,0.065177,0.221912,0.331852,0.384508,0.452901,0.230398,0.105705,0.180978,0.269736,0.348429,0.329847,-0.020186,-0.010509,0.085993,0.055554,0.079709,0.272503,0.385873,0.386258,0.227841,0.096624,0.095853,0.031850,0.038359,0.065809,0.102173,0.004888,-0.011124,-0.009041,-0.022252,0.012230,-0.022601,-0.007129
0.713218,-0.772720,1.000000,-0.546327,0.563776,0.332466,0.465382,0.444194,0.532962,0.616651,0.735426,0.632631,0.657528,0.275875,0.285982,0.379117,0.341621,0.097789,0.330220,0.489839,0.667332,0.386121,0.516756,0.343451,0.374194,0.166782,-0.086676,-0.138017,-0.213631,-0.294850,-0.397416,-0.276162,-0.341604,-0.283288,-0.199944,-0.202546,-0.244544,-0.239152,-0.609538,-0.378949,-0.524869,0.562695,-0.338503,-0.498842,-0.410630,-0.180624,-0.062543,-0.083935,-0.203257,-0.279689,-0.323999,-0.383755,-0.211769,-0.108088,-0.141514,-0.245385,-0.331360,-0.293662,0.055514,0.044134,-0.078412,-0.031226,-0.048257,-0.194710,-0.301291,-0.364923,-0.194271,-0.045860,-0.068181,0.001912,-0.021072,-0.035611,-0.075489,0.028154,0.037524,0.026497,0.032280,0.045758,0.050617,0.062936
-0.425225,0.546761,-0.546327,1.000000,-0.510009,-0.196432,-0.317907,-0.203931,-0.314105,-0.574873,-0.495820,-0.546854,-0.567979,-0.153194,-0.234594,-0.184090,-0.161488,-0.027984,-0.172331,-0.298288,-0.368489,-0.202610,-0.297971,-0.151615,-0.229589,-0.058163,0.001239,0.002447,0.062943,0.074870,0.109449,-0.000927,0.019474,0.003043,-0.001333,0.001574,0.001607,0.030147,0.296805,0.053067,0.182353,-0.336034,0.402576,0.336733,0.291555,0.172096,0.168360,0.188367,0.191788,0.158754,0.213437,0.317777,0.217203,0.147692,0.146237,0.251724,0.295467,0.282514,-0.006602,-0.025873,0.070119,0.053771,0.058515,0.029721,0.213751,0.359948,0.199646,0.052648,0.058900,0.044473,0.052110,0.060650,0.066118,-0.002014,0.009296,-0.004082,-0.054890,-0.001830,-0.030102,-0.008957
0.467212,-0.395040,0.563776,-0.510009,1.000000,0.098345,0.312038,0.071909,0.144600,0.290004,0.501604,0.484364,0.506528,0.002871,0.215242,0.162853,0.170748,0.059998,0.237364,0.438493,0.468055,0.327600,0.515622,0.294881,0.287641,0.148306,-0.002219,-0.004673,-0.069678,-0.085133,-0.088993,-0.007206,-0.006896,0.001401,-0.002758,-0.006541,-0.008019,0.001222,-0.180924,-0.007271,-0.075719,0.155201,-0.361601,-0.385604,-0.322249,-0.156583,-0.171597,-0.204712,-0.201584,-0.171796,-0.194082,-0.264825,-0.220346,-0.196250,-0.140863,-0.245792,-0.282900,-0.259802,0.021050,0.036213,-0.076951,-0.052483,-0.057983,0.012749,-0.081518,-0.296804,-0.194657,-0.039345,-0.049056,-0.032265,-0.050166,-0.061908,-0.062697,0.031453,0.018334,0.004830,0.048372,0.040986,0.087043,0.057332
0.197140,-0.362605,0.332466,-0.196432,0.098345,1.000000,0.333722,0.498821,0.626523,0.502433,0.475689,0.471028,0.413556,0.477318,0.387226,0.471139,0.391996,0.317909,0.526371,0.058693,0.330341,0.262592,0.248224,0.174711,0.190564,0.131433,-0.085752,-0.153750,-0.093371,-0.124842,-0.187496,-0.232391,-0.288912,-0.279789,-0.203659,-0.171948,-0.205276,-0.576704,-0.375434,-0.330137,-0.500169,0.546905,0.056506,0.066229,0.069888,0.125877,0.186529,0.200034,0.170575,0.104960,0.140599,0.148957,0.180438,0.213424,0.184658,0.199413,0.158533,0.176377,0.088596,0.054819,-0.001514,0.025917,0.012302,-0.069805,-0.123189,-0.074585,0.121595,0.000762,-0.011328,0.002580,-0.001109,0.040522,0.021571,-0.034903,-0.021176,-0.013795,-0.012244,0.008198,-0.006785,0.003172
0.366104,-0.323301,0.465382,-0.317907,0.312038,0.333722,1.000000,0.450242,0.453962,0.513142,0.651017,0.601193,0.557639,0.499945,0.567364,0.617974,0.575517,0.246950,0.398890,0.256890,0.591956,0.610403,0.618563,0.508895,0.371459,0.360316,-0.013802,-0.032762,0.032554,0.033780,-0.026186,-0.086079,-0.139411,-0.133505,-0.058883,-0.038212,-0.056311,-0.191013,-0.191591,-0.218691,-0.333442,0.502700,0.168992,0.103287,0.051829,0.251136,0.193629,0.255102,0.207787,0.142229,0.139038,0.134306,0.218366,0.304804,0.311520,0.239513,0.199923,0.216278,0.180088,0.128897,0.028157,0.062371,0.057126,-0.085520,-0.177194,-0.238326,0.167699,0.042454,0.017160,0.074753,0.051801,0.088834,0.071509,-0.012569,-0.010863,-0.008071,0.038067,0.074916,0.054397,0.066100
0.269486,-0.527130,0.444194,-0.203931,0.071909,0.498821,0.450242,1.000000,0.771812,0.630187,0.583471,0.546630,0.493720,0.647905,0.405382,0.579154,0.466892,0.154271,0.257942,0.044048,0.373447,0.279091,0.233672,0.152544,0.221889,0.111716,-0.043475,-0.075742,-0.028521,-0.094264,-0.267101,-0.261729,-0.371791,-0.347911,-0.159976,-0.130225,-0.179407,-0.381369,-0.599947,-0.531083,-0.767066,0.771841,0.032100,0.039174,0.042180,0.142686,0.239925,0.325415,0.160735,0.033295,-0.013860,-0.030489,0.169326,0.321806,0.220218,0.180004,0.104766,0.122410,0.129214,0.088254,0.019284,0.050310,0.033786,-0.300490,-0.391096,-0.260324,0.096152,-0.004188,-0.023304,0.025327,0.022076,0.072164,0.031531,-0.041589,-0.012426,0.002371,-0.010204,0.014141,-0.000328,0.006716
0.335004,-0.616229,0.532962,-0.314105,0.144600,0.626523,0.453962,0.771812,1.000000,0.768714,0.695145,0.675949,0.606147,0.666019,0.486075,0.649052,0.529237,0.179671,0.310239,0.084230,0.452729,0.321743,0.286744,0.186406,0.269359,0.132272,-0.102750,-0.182686,-0.135753,-0.201969,-0.319203,-0.342473,-0.436538,-0.405586,-0.271645,-0.241023,-0.294663,-0.379474,-0.656052,-0.508421,-0.795556,0.846158,-0.005985,0.022866,0.030059,0.122779,0.271258,0.323584,0.149891,-0.009838,-0.014913,-0.075184,0.165677,0.393323,0.252262,0.180371,0.105633,0.128813,0.150080,0.103374,0.014281,0.052106,0.029865,-0.271145,-0.488409,-0.317384,0.098491,0.004069,-0.017006,0.019531,0.017731,0.073742,0.029315,-0.042216,-0.017052,-0.000461,-0.008657,0.008376,-0.012415,-0.001630
0.406226,-0.670362,0.616651,-0.574873,0.290004,0.502433,0.513142,0.630187,0.768714,1.000000,0.806016,0.767910,0.764010,0.648775,0.530280,0.652998,0.541828,0.169393,0.331019,0.156298,0.543279,0.368934,0.388987,0.240810,0.317053,0.153559,-0.084812,-0.148749,-0.117536,-0.174063,-0.268039,-0.294031,-0.375016,-0.325155,-0.220201,-0.207822,-0.254703,-0.308668,-0.531120,-0.435364,-0.679784,0.799822,-0.062088,-0.032342,-0.015905,0.096211,0.214170,0.247848,0.109808,-0.017453,-0.022336,-0.070828,0.122025,0.301111,0.237984,0.128634,0.059781,0.084927,0.162433,0.115238,0.000019,0.033907,0.020245,-0.216649,-0.411350,-0.403411,0.071716,0.010313,-0.015560,0.018695,0.008467,0.056951,0.021737,-0.026359,-0.026444,-0.005137,0.046394,0.031361,0.016600,0.023672
0.528410,-0.607777,0.735426,-0.495820,0.501604,0.475689,0.651017,0.583471,0.695145,0.806016,1.000000,0.853021,0.852148,0.614350,0.672138,0.794027,0.699542,0.257631,0.498848,0.365519,0.833164,0.599936,0.705764,0.505091,0.475999,0.324418,-0.089132,-0.157228,-0.116252,-0.172044,-0.260881,-0.299610,-0.377878,-0.334901,-0.230400,-0.214458,-0.262049,-0.314416,-0.469245,-0.431139,-0.636903,0.751687,0.001502,-0.047684,-0.033160,0.125874,0.241383,0.275621,0.137258,0.002554,0.007379,-0.007602,0.157116,0.313232,0.302642,0.167393,0.118099,0.145359,0.221340,0.162693,-0.005041,0.040780,0.030773,-0.192774,-0.322701,-0.396272,0.102261,0.036591,0.012213,0.052296,0.022006,0.059837,0.042980,0.006466,0.000435,-0.008035,0.046802,0.083584,0.070914,0.085344
0.425541,-0.593419,0.632631,-0.546854,0.484364,0.471028,0.601193,0.546630,0.675949,0.767910,0.853021,1.000000,0.890772,0.607854,0.641296,0.719449,0.626303,0.248557,0.436826,0.230835,0.640877,0.530261,0.609390,0.393058,0.377452,0.267592,-0.077045,-0.137789,-0.085874,-0.127735,-0.199132,-0.244453,-0.309567,-0.291197,-0.199927,-0.175172,-0.214380,-0.287644,-0.396823,-0.356103,-0.545605,0.731643,0.004641,-0.009530,0.015401,0.152836,0.238059,0.279244,0.164590,0.044527,0.058355,0.048395,0.185486,0.342961,0.371247,0.205632,0.156280,0.191780,0.195826,0.140498,0.015028,0.048382,0.046392,-0.157864,-0.299164,-0.445148,0.136917,0.048299,0.009016,0.037560,0.026768,0.073907,0.045533,-0.011487,-0.023904,-0.009476,0.052518,0.052239,0.074202,0.051393
0.523825,-0.679648,0.657528,-0.567979,0.506528,0.413556,0.557639,0.493720,0.606147,0.764010,0.852148,0.890772,1.000000,0.533586,0.558873,0.640499,0.608729,0.194704,0.380650,0.263011,0.643426,0.481741,0.562551,0.359447,0.435441,0.234929,-0.071048,-0.123067,-0.099183,-0.143793,-0.214600,-0.234892,-0.299022,-0.260414,-0.179322,-0.167590,-0.206237,-0.250827,-0.406274,-0.345021,-0.533525,0.671175,-0.084211,-0.099512,-0.076144,0.080772,0.168443,0.193121,0.084961,-0.016272,-0.016523,-0.043957,0.097016,0.236277,0.252684,0.102141,0.044833,0.075993,0.182272,0.129639,-0.027863,0.012116,0.001589,-0.157988,-0.304018,-0.461751,0.060825,0.011270,-0.021756,0.020229,0.001099,0.035316,0.004092,-0.008541,-0.025947,-0.023690,0.054856,0.056590,0.085239,0.067144
0.131710,-0.279130,0.275875,-0.153194,0.002871,0.477318,0.499945,0.647905,0.666019,0.648775,0.614350,0.607854,0.533586,1.000000,0.674676,0.737657,0.630379,0.263699,0.350941,-0.033948,0.431353,0.439236,0.398009,0.296917,0.254097,0.246368,-0.004612,-0.025349,0.106319,0.147339,0.020984,0.002071,-0.163944,-0.134842,-0.025721,-0.004746,-0.006764,-0.292772,-0.247711,-0.332595,-0.541135,0.669203,0.354405,0.316920,0.288299,0.353264,0.326533,0.514874,0.400567,0.354059,0.321023,0.323203,0.435175,0.612814,0.561359,0.505823,0.438911,0.477017,0.236670,0.167590,0.080495,0.111602,0.104949,-0.142261,-0.273069,-0.221495,0.349537,0.093845,0.052659,0.091959,0.083756,0.152623,0.113763,-0.025740,-0.036050,-0.008755,0.020814,0.053609,0.026532,0.038246
0.187797,-0.169733,0.285982,-0.234594,0.215242,0.387226,0.567364,0.405382,0.486075,0.530280,0.672138,0.641296,0.558873,0.674676,1.000000,0.787814,0.731573,0.333898,0.475846,0.147584,0.623323,0.624832,0.686006,0.561252,0.369042,0.427056,-0.007674,-0.029630,0.099111,0.135171,0.172093,-0.010418,-0.012734,-0.038407,-0.033313,-0.013582,-0.016249,-0.077849,-0.043651,-0.008584,-0.286383,0.469954,0.338609,0.351105,0.309979,0.387756,0.328086,0.387957,0.397010,0.342096,0.430519,0.402183,0.441534,0.581249,0.612550,0.508607,0.513352,0.539409,0.280201,0.208621,0.087094,0.111836,0.114584,0.057334,-0.143785,-0.200605,0.373493,0.126149,0.105862,0.131727,0.110396,0.134335,0.146280,0.008025,-0.015945,-0.019588,0.030517,0.088074,0.053822,0.071458
0.236244,-0.321498,0.379117,-0.184090,0.162853,0.471139,0.617974,0.579154,0.649052,0.652998,0.794027,0.719449,0.640499,0.737657,0.787814,1.000000,0.838152,0.321642,0.473385,0.087656,0.651452,0.593887,0.618496,0.489861,0.378280,0.374194,-0.115772,-0.215008,-0.080095,-0.113173,-0.172996,-0.341703,-0.418682,-0.409354,-0.300984,-0.263547,-0.316401,-0.360397,-0.291144,-0.444280,-0.601515,0.738344,0.355281,0.362967,0.300739,0.372610,0.500259,0.566253,0.418653,0.221066,0.281327,0.331488,0.459024,0.616479,0.607454,0.509775,0.477000,0.502783,0.280194,0.193068,0.076710,0.104383,0.103172,-0.183963,-0.247289,-0.260549,0.355227,0.101638,0.076241,0.118554,0.098370,0.138190,0.132374,-0.009887,-0.019937,-0.018382,0.035476,0.085179,0.055613,0.072180
0.343558,-0.289709,0.341621,-0.161488,0.170748,0.391996,0.575517,0.466892,0.529237,0.541828,0.699542,0.626303,0.608729,0.630379,0.731573,0.838152,1.000000,0.381020,0.477419,0.218337,0.652598,0.691614,0.631153,0.615122,0.600245,0.538812,-0.083509,-0.158527,-0.039258,-0.060698,-0.104810,-0.255406,-0.314838,-0.307780,-0.223141,-0.194199,-0.234000,-0.282108,-0.204084,-0.339930,-0.470667,0.593366,0.323311,0.304725,0.289011,0.342625,0.423405,0.485311,0.375133,0.218410,0.274670,0.321635,0.418865,0.543705,0.554629,0.467228,0.460383,0.474724,0.293885,0.203163,0.048012,0.093313,0.089304,-0.121894,-0.174522,-0.198146,0.333711,0.086705,0.073215,0.137347,0.114720,0.117139,0.117792,0.008633,-0.001431,-0.023063,0.033948,0.109307,0.058025,0.081696
0.157677,-0.029973,0.097789,-0.027984,0.059998,0.317909,0.246950,0.154271,0.179671,0.169393,0.257631,0.248557,0.194704,0.263699,0.333898,0.321642,0.381020,1.000000,0.607128,0.156846,0.297432,0.431028,0.315340,0.390592,0.384351,0.521934,-0.024805,-0.050796,0.023613,0.028136,0.023925,-0.064574,-0.077502,-0.089824,-0.066493,-0.050195,-0.057228,-0.187298,0.000575,-0.085881,-0.123260,0.189970,0.191539,0.163336,0.095030,0.198925,0.203939,0.233182,0.235739,0.190709,0.240028,0.288425,0.264300,0.264520,0.283229,0.298430,0.329830,0.325295,0.079170,0.024014,-0.033056,0.004929,0.001955,0.042378,0.070487,0.094646,0.224704,0.023525,0.017414,0.065129,0.056966,0.010440,-0.005757,0.014931,0.016311,0.009448,0.004074,0.017696,0.006919,0.009317
0.273389,-0.170122,0.330220,-0.172331,0.237364,0.526371,0.398890,0.257942,0.310239,0.331019,0.498848,0.436826,0.380650,0.350941,0.475846,0.473385,0.477419,0.607128,1.000000,0.350587,0.575899,0.498850,0.543475,0.531062,0.353730,0.387978,-0.044561,-0.084312,-0.016821,-0.024485,-0.044057,-0.118564,-0.144104,-0.147650,-0.109700,-0.089649,-0.105163,-0.308987,-0.104029,-0.162091,-0.236518,0.327443,0.139126,0.073219,0.056408,0.174280,0.188468,0.208166,0.203057,0.154576,0.200396,0.244847,0.225796,0.231425,0.248711,0.253194,0.278603,0.276070,0.122012,0.070979,-0.014863,0.027655,0.022331,0.020277,0.030700,0.027013,0.185359,0.033798,0.026509,0.049368,0.016116,0.033926,0.031556,0.012059,0.005123,-0.022052,0.024260,0.067112,0.043707,0.063496
0.571537,-0.253830,0.489839,-0.298288,0.438493,0.058693,0.256890,0.044048,0.084230,0.156298,0.365519,0.230835,0.263011,-0.033948,0.147584,0.087656,0.218337,0.156846,0.350587,1.000000,0.640447,0.421548,0.495871,0.603748,0.473495,0.359525,-0.001350,-0.003186,-0.068460,-0.087287,-0.094617,-0.011983,-0.011108,-0.002001,-0.003580,-0.010251,-0.009596,0.001870,-0.145923,-0.014578,-0.053462,0.078482,-0.257003,-0.397127,-0.408549,-0.161581,-0.166960,-0.199974,-0.201751,-0.175597,-0.201068,-0.248068,-0.215186,-0.215723,-0.197167,-0.241652,-0.247822,-0.254549,0.043071,0.055044,-0.098416,-0.042734,-0.056968,0.019499,-0.014913,-0.091469,-0.187065,-0.042663,-0.029109,0.013993,-0.032881,-0.062799,-0.055456,0.076175,0.079889,0.022492,0.023822,0.101613,0.049196,0.086463
0.571592,-0.397101,0.667332,-0.368489,0.468055,0.330341,0.591956,0.373447,0.452729,0.543279,0.833164,0.640877,0.643426,0.431353,0.623323,0.651452,0.652598,0.297432,0.575899,0.640447,1.000000,0.675988,0.787604,0.712768,0.571240,0.458598,-0.052974,-0.098861,-0.067166,-0.098739,-0.146945,-0.180093,-0.226217,-0.202789,-0.141635,-0.130189,-0.158503,-0.200924,-0.270016,-0.259242,-0.391176,0.490044,0.040144,-0.082920,-0.104717,0.105204,0.158448,0.180164,0.100301,0.017766,0.026801,0.021950,0.118412,0.212926,0.231364,0.127053,0.111747,0.121986,0.220445,0.169665,-0.022549,0.035012,0.025020,-0.085881,-0.164696,-0.250290,0.083255,0.036064,0.030799,0.077460,0.027535,0.040525,0.043571,0.045426,0.039844,0.000303,0.042221,0.123015,0.074847,0.112778
0.425327,-0.173279,0.386121,-0.202610,0.327600,0.262592,0.610403,0.279091,0.321743,0.368934,0.599936,0.530261,0.481741,0.439236,0.624832,0.593887,0.691614,0.431028,0.498850,0.421548,0.675988,1.000000,0.754849,0.771023,0.625465,0.691499,-0.011180,-0.031175,0.037554,0.041218,0.025646,-0.056009,-0.080876,-0.082469,-0.046567,-0.031709,-0.041611,-0.125286,-0.053025,-0.114483,-0.214388,0.378903,0.250297,0.135637,0.060617,0.219520,0.199878,0.248808,0.221300,0.170479,0.203246,0.224385,0.251184,0.322885,0.372019,0.288198,0.307213,0.308184,0.233347,0.170721,0.017359,0.066173,0.063020,0.000253,-0.056844,-0.137545,0.217996,0.069027,0.057689,0.123757,0.095610,0.072973,0.076502,0.042151,0.032074,0.009254,0.032747,0.108096,0.062031,0.082321
0.432249,-0.210797,0.516756,-0.297971,0.515622,0.248224,0.618563,0.233672,0.286744,0.388987,0.705764,0.609390,0.562551,0.398009,0.686006,0.618496,0.631153,0.315340,0.543475,0.495871,0.787604,0.754849,1.000000,0.793111,0.475963,0.530725,-0.011024,-0.028208,0.029067,0.035867,0.034495,-0.039977,-0.055903,-0.059978,-0.038135,-0.026337,-0.033272,-0.099882,-0.033534,-0.077332,-0.169662,0.352088,0.173370,0.025677,0.008686,0.192210,0.159767,0.195175,0.182132,0.144126,0.179727,0.199350,0.208068,0.271815,0.350781,0.239729,0.248471,0.269094,0.226511,0.173258,0.020469,0.066178,0.065478,0.022694,-0.045733,-0.204556,0.182794,0.086671,0.066529,0.101589,0.065195,0.075275,0.082412,0.042993,0.018021,-0.012477,0.053249,0.121839,0.098636,0.125837
0.452229,-0.087288,0.343451,-0.151615,0.294881,0.174711,0.508895,0.152544,0.186406,0.240810,0.505091,0.393058,0.359447,0.296917,0.561252,0.489861,0.615122,0.390592,0.531062,0.603748,0.712768,0.771023,0.793111,1.000000,0.597568,0.737251,-0.007749,-0.021507,0.032670,0.040802,0.045404,-0.026579,-0.034149,-0.042144,-0.028651,-0.019243,-0.021786,-0.069920,0.016524,-0.046220,-0.101082,0.228852,0.197395,0.085321,-0.034835,0.176233,0.148109,0.178218,0.173097,0.139635,0.176440,0.206772,0.202097,0.235288,0.292316,0.232544,0.278592,0.266109,0.233283,0.182231,0.014634,0.071667,0.070855,0.044889,0.023905,-0.051759,0.176575,0.076734,0.083631,0.144676,0.094371,0.062785,0.080866,0.078445,0.069669,0.013859,0.033197,0.148514,0.063631,0.102387
0.688750,-0.292451,0.374194,-0.229589,0.287641,0.190564,0.371459,0.221889,0.269359,0.317053,0.475999,0.377452,0.435441,0.254097,0.369042,0.378280,0.600245,0.384351,0.353730,0.473495,0.571240,0.625465,0.475963,0.597568,1.000000,0.703849,-0.029959,-0.062793,-0.054036,-0.076190,-0.106474,-0.112234,-0.138881,-0.125142,-0.089114,-0.082224,-0.098635,-0.117516,-0.175772,-0.158134,-0.232840,0.290185,-0.002818,-0.074524,-0.253641,0.034140,0.074331,0.083505,0.032992,-0.015393,-0.012804,-0.018025,0.044072,0.097710,0.103743,0.045563,0.032500,0.035114,0.199349,0.158547,-0.091064,0.002069,-0.011655,-0.037529,-0.068610,-0.103373,0.022953,-0.011143,-0.025345,0.094706,0.052660,-0.003080,-0.021867,0.063760,0.071045,0.041478,0.016425,0.097403,0.032753,0.057122
0.361626,-0.024604,0.166782,-0.058163,0.148306,0.131433,0.360316,0.111716,0.132272,0.153559,0.324418,0.267592,0.234929,0.246368,0.427056,0.374194,0.538812,0.521934,0.387978,0.359525,0.458598,0.691499,0.530725,0.737251,0.703849,1.000000,-0.004366,-0.020286,0.036085,0.045285,0.051004,-0.021565,-0.026159,-0.037845,-0.026818,-0.016983,-0.017826,-0.057755,0.038130,-0.033451,-0.066727,0.162114,0.205523,0.153033,-0.000724,0.174279,0.155649,0.187421,0.184040,0.149615,0.188749,0.225059,0.216111,0.237021,0.282019,0.248593,0.293814,0.282505,0.236014,0.183642,0.027429,0.076404,0.079240,0.055441,0.063010,0.036221,0.189446,0.064281,0.066101,0.183932,0.161489,0.057731,0.066156,0.091670,0.098673,0.073513,0.011109,0.081715,0.022410,0.042288
-0.051259,0.118439,-0.086676,0.001239,-0.002219,-0.085752,-0.013802,-0.043475,-0.102750,-0.084812,-0.089132,-0.077045,-0.071048,-0.004612,-0.007674,-0.115772,-0.083509,-0.024805,-0.044561,-0.001350,-0.052974,-0.011180,-0.011024,-0.007749,-0.029959,-0.004366,1.000000,0.369708,0.400604,0.343271,0.266551,0.266527,0.298237,0.328973,0.399388,0.389846,0.409642,0.150963,0.168786,0.183101,0.174978,-0.150955,-0.002955,-0.001664,-0.000124,-0.001818,-0.104156,-0.056393,-0.000912,0.099133,0.046801,0.012843,-0.003809,-0.024883,-0.015674,-0.007059,-0.004668,-0.005489,-0.020499,-0.003293,-0.002905,-0.006249,-0.005509,0.057395,0.027489,0.018029,-0.003413,-0.003932,-0.003151,-0.004326,-0.004694,-0.005674,-0.003532,-0.002066,-0.003030,-0.002478,-0.001824,-0.002655,-0.002348,-0.001674
-0.081144,0.185786,-0.138017,0.002447,-0.004673,-0.153750,-0.032762,-0.075742,-0.182686,-0.148749,-0.157228,-0.137789,-0.123067,-0.025349,-0.029630,-0.215008,-0.158527,-0.050796,-0.084312,-0.003186,-0.098861,-0.031175,-0.028208,-0.021507,-0.062793,-0.020286,0.369708,1.000000,0.771842,0.609484,0.443749,0.428791,0.485029,0.598635,0.806888,0.636711,0.687006,0.253680,0.267607,0.290133,0.285256,-0.267359,-0.017630,-0.014830,-0.014124,-0.016673,-0.198426,-0.115321,-0.025848,0.144237,0.057298,0.004984,-0.029653,-0.059805,-0.044562,-0.032290,-0.024909,-0.028292,-0.038589,-0.015482,-0.007461,-0.010224,-0.009893,0.104093,0.053322,0.036642,-0.015126,-0.019581,-0.016281,-0.004562,-0.004469,-0.011635,-0.007278,-0.013975,-0.005147,-0.003803,-0.004233,-0.006927,-0.004438,-0.006398
-0.164320,0.271697,-0.213631,0.062943,-0.069678,-0.093371,0.032554,-0.028521,-0.135753,-0.117536,-0.116252,-0.085874,-0.099183,0.106319,0.099111,-0.080095,-0.039258,0.023613,-0.016821,-0.068460,-0.067166,0.037554,0.029067,0.032670,-0.054036,0.036085,0.400604,0.771842,1.000000,0.775122,0.570183,0.445290,0.494213,0.561427,0.722037,0.677694,0.705414,0.204353,0.358368,0.285930,0.268554,-0.214770,0.144003,0.148848,0.142930,0.177656,0.034688,0.108339,0.263551,0.403936,0.293226,0.217664,0.275336,0.154222,0.165551,0.215372,0.183024,0.193563,0.014330,0.035264,0.014834,0.013889,0.012620,0.111900,0.061451,0.048296,0.133890,-0.040867,-0.041550,0.003457,0.007040,0.022819,0.023615,-0.058248,-0.022782,-0.018095,0.002827,0.009261,0.006165,0.005280
-0.224449,0.375702,-0.294850,0.074870,-0.085133,-0.124842,0.033780,-0.094264,-0.201969,-0.174063,-0.172044,-0.127735,-0.143793,0.147339,0.135171,-0.113173,-0.060698,0.028136,-0.024485,-0.087287,-0.098739,0.041218,0.035867,0.040802,-0.076190,0.045285,0.343271,0.609484,0.775122,1.000000,0.779806,0.696448,0.687499,0.699445,0.763379,0.740242,0.827849,0.284527,0.498652,0.436883,0.392847,-0.312399,0.190133,0.193719,0.185948,0.290323,-0.017691,0.109730,0.341519,0.572906,0.413141,0.295632,0.283213,0.186983,0.207087,0.277866,0.236548,0.247786,0.018748,0.043434,0.024165,0.023439,0.022350,0.200560,0.106138,0.079382,0.173715,-0.008668,-0.013289,0.004352,0.008370,0.035478,0.035200,-0.045623,-0.031125,-0.023406,0.003325,0.011533,0.007364,0.006461
-0.292089,0.509475,-0.397416,0.109449,-0.088993,-0.187496,-0.026186,-0.267101,-0.319203,-0.268039,-0.260881,-0.199132,-0.214600,0.020984,0.172093,-0.172996,-0.104810,0.023925,-0.044057,-0.094617,-0.146945,0.025646,0.034495,0.045404,-0.106474,0.051004,0.266551,0.443749,0.570183,0.779806,1.000000,0.713649,0.809821,0.743232,0.611246,0.595738,0.692060,0.428258,0.682951,0.702064,0.573276,-0.451242,0.236699,0.231006,0.218971,0.422989,-0.066809,0.046877,0.283942,0.534245,0.543410,0.371978,0.249913,0.187889,0.226358,0.315491,0.276309,0.284909,0.017642,0.039227,0.035420,0.033024,0.033314,0.354084,0.183661,0.129981,0.203662,0.028474,0.020639,0.011819,0.015423,0.048777,0.048198,-0.029022,-0.037733,-0.026663,0.000793,0.012477,0.006144,0.005589
-0.171323,0.360155,-0.276162,-0.000927,-0.007206,-0.232391,-0.086079,-0.261729,-0.342473,-0.294031,-0.299610,-0.244453,-0.234892,0.002071,-0.010418,-0.341703,-0.255406,-0.064574,-0.118564,-0.011983,-0.180093,-0.056009,-0.039977,-0.026579,-0.112234,-0.021565,0.266527,0.428791,0.445290,0.696448,0.713649,1.000000,0.883285,0.815066,0.686934,0.655621,0.814188,0.419788,0.500613,0.640861,0.576204,-0.483067,-0.001792,0.001625,0.003184,0.028434,-0.407024,-0.228754,-0.005312,0.366913,0.194887,0.072213,-0.038666,-0.099190,-0.059196,-0.021435,-0.008902,-0.011651,-0.058197,-0.013144,0.000275,-0.007059,-0.004166,0.314385,0.165663,0.111929,-0.006507,0.003294,0.008454,-0.003621,-0.001823,-0.015559,-0.002683,0.002922,-0.008834,-0.005452,-0.004420,-0.009941,-0.004899,-0.009692
-0.209929,0.441546,-0.341604,0.019474,-0.006896,-0.288912,-0.139411,-0.371791,-0.436538,-0.375016,-0.377878,-0.309567,-0.299022,-0.163944,-0.012734,-0.418682,-0.314838,-0.077502,-0.144104,-0.011108,-0.226217,-0.080876,-0.055903,-0.034149,-0.138881,-0.026159,0.298237,0.485029,0.494213,0.687499,0.809821,0.883285,1.000000,0.893633,0.709283,0.693180,0.825007,0.524269,0.605487,0.830088,0.717651,-0.595570,-0.002221,-0.000257,0.000993,0.032715,-0.388199,-0.301841,-0.029737,0.308771,0.237659,0.089290,-0.054431,-0.134707,-0.080749,-0.037213,-0.014076,-0.018506,-0.073979,-0.021828,-0.000522,-0.010967,-0.006292,0.411049,0.220141,0.149054,-0.012167,0.002533,0.009814,-0.006353,-0.004028,-0.022201,-0.004168,0.004053,-0.009597,-0.006513,-0.007779,-0.013786,-0.007715,-0.013355
-0.167691,0.372992,-0.283288,0.003043,0.001401,-0.279789,-0.133505,-0.347911,-0.405586,-0.325155,-0.334901,-0.291197,-0.260414,-0.134842,-0.038407,-0.409354,-0.307780,-0.089824,-0.147650,-0.002001,-0.202789,-0.082469,-0.059978,-0.042144,-0.125142,-0.037845,0.328973,0.598635,0.561427,0.699445,0.743232,0.815066,0.893633,1.000000,0.824876,0.722411,0.829967,0.493357,0.526411,0.707276,0.623648,-0.565818,-0.024905,-0.023424,-0.023006,-0.025680,-0.398877,-0.301755,-0.059450,0.271640,0.168611,0.039062,-0.077297,-0.149002,-0.101998,-0.073818,-0.045599,-0.053135,-0.072082,-0.028834,-0.008901,-0.017856,-0.013984,0.345181,0.179818,0.119905,-0.031892,-0.002474,0.004201,-0.009030,-0.009391,-0.025178,-0.010629,0.002270,-0.009205,-0.007699,-0.007248,-0.012655,-0.007389,-0.012093
-0.118832,0.267663,-0.199944,-0.001333,-0.002758,-0.203659,-0.058883,-0.159976,-0.271645,-0.220201,-0.230400,-0.199927,-0.179322,-0.025721,-0.033313,-0.300984,-0.223141,-0.066493,-0.109700,-0.003580,-0.141635,-0.046567,-0.038135,-0.028651,-0.089114,-0.026818,0.399388,0.806888,0.722037,0.763379,0.611246,0.686934,0.709283,0.824876,1.000000,0.810690,0.885157,0.348152,0.384182,0.450762,0.428432,-0.395415,-0.021197,-0.018425,-0.016918,-0.015852,-0.322116,-0.189276,-0.037401,0.240686,0.107189,0.020219,-0.045580,-0.093330,-0.065767,-0.045240,-0.032198,-0.037137,-0.052292,-0.019259,-0.007166,-0.011995,-0.010640,0.197336,0.101250,0.068366,-0.020223,-0.011360,-0.006970,-0.006149,-0.006154,-0.015183,-0.007386,-0.007634,-0.007791,-0.005874,-0.004726,-0.009379,-0.005230,-0.008388
-0.125684,0.269279,-0.202546,0.001574,-0.006541,-0.171948,-0.038212,-0.130225,-0.241023,-0.207822,-0.214458,-0.175172,-0.167590,-0.004746,-0.013582,-0.263547,-0.194199,-0.050195,-0.089649,-0.010251,-0.130189,-0.031709,-0.026337,-0.019243,-0.082224,-0.016983,0.389846,0.636711,0.677694,0.740242,0.595738,0.655621,0.693180,0.722411,0.810690,1.000000,0.898735,0.302791,0.382423,0.436441,0.413140,-0.352787,-0.004358,-0.000583,0.001069,0.007419,-0.275354,-0.153156,0.001144,0.263029,0.135925,0.046990,-0.008131,-0.066484,-0.041029,-0.012502,-0.008275,-0.009824,-0.043331,-0.007556,-0.000762,-0.005124,-0.004089,0.192901,0.100952,0.068380,-0.005047,-0.007430,-0.003717,-0.004238,-0.002678,-0.009582,-0.002245,-0.006667,-0.007241,-0.004426,-0.003765,-0.007581,-0.004096,-0.007283
-0.149758,0.323536,-0.244544,0.001607,-0.008019,-0.205276,-0.056311,-0.179407,-0.294663,-0.254703,-0.262049,-0.214380,-0.206237,-0.006764,-0.016249,-0.316401,-0.234000,-0.057228,-0.105163,-0.009596,-0.158503,-0.041611,-0.033272,-0.021786,-0.098635,-0.017826,0.409642,0.687006,0.705414,0.827849,0.692060,0.814188,0.825007,0.829967,0.885157,0.898735,1.000000,0.362131,0.455545,0.537677,0.502697,-0.427109,-0.006461,-0.002560,-0.001285,0.009427,-0.343461,-0.195220,-0.006165,0.311190,0.162545,0.056914,-0.024087,-0.086893,-0.053734,-0.020469,-0.011538,-0.014002,-0.053650,-0.011297,-0.000989,-0.006672,-0.004901,0.245750,0.129974,0.089296,-0.007989,-0.007828,-0.002818,-0.004902,-0.003164,-0.012460,-0.002671,-0.006575,-0.008506,-0.005355,-0.004683,-0.010306,-0.005150,-0.009589
-0.135375,0.294293,-0.239152,0.030147,0.001222,-0.576704,-0.191013,-0.381369,-0.379474,-0.308668,-0.314416,-0.287644,-0.250827,-0.292772,-0.077849,-0.360397,-0.282108,-0.187298,-0.308987,0.001870,-0.200924,-0.125286,-0.099882,-0.069920,-0.117516,-0.057755,0.150963,0.253680,0.204353,0.284527,0.428258,0.419788,0.524269,0.493357,0.348152,0.302791,0.362131,1.000000,0.389004,0.608198,0.505683,-0.468747,-0.050724,-0.048361,-0.046986,-0.042478,-0.195108,-0.194426,-0.124347,-0.022404,-0.031816,-0.072290,-0.128748,-0.127342,-0.110460,-0.126941,-0.090258,-0.099569,-0.055815,-0.027759,0.000639,-0.011000,-0.005778,0.173508,0.081282,0.050885,-0.065107,0.007583,0.014131,0.000327,0.001682,-0.023644,-0.011379,0.014230,0.003855,0.004619,-0.016931,-0.017285,-0.016906,-0.018446
-0.424502,0.775819,-0.609538,0.296805,-0.180924,-0.375434,-0.191591,-0.599947,-0.656052,-0.531120,-0.469245,-0.396823,-0.406274,-0.247711,-0.043651,-0.291144,-0.204084,0.000575,-0.104029,-0.145923,-0.270016,-0.053025,-0.033534,0.016524,-0.175772,0.038130,0.168786,0.267607,0.358368,0.498652,0.682951,0.500613,0.605487,0.526411,0.384182,0.382423,0.455545,0.389004,1.000000,0.639110,0.785364,-0.651327,0.362942,0.297868,0.264129,0.241745,-0.024532,0.002821,0.217790,0.388862,0.444885,0.491363,0.217841,0.107160,0.207906,0.263092,0.315826,0.311105,-0.000745,0.004463,0.051183,0.040293,0.047530,0.362575,0.396707,0.262597,0.228982,0.073023,0.065844,0.020530,0.023240,0.064352,0.067797,0.006576,-0.038813,-0.028799,0.028248,0.027356,0.026471,0.023287
-0.234839,0.478540,-0.378949,0.053067,-0.007271,-0.330137,-0.218691,-0.531083,-0.508421,-0.435364,-0.431139,-0.356103,-0.345021,-0.332595,-0.008584,-0.444280,-0.339930,-0.085881,-0.162091,-0.014578,-0.259242,-0.114483,-0.077332,-0.046220,-0.158134,-0.033451,0.183101,0.290133,0.285930,0.436883,0.702064,0.640861,0.830088,0.707276,0.450762,0.436441,0.537677,0.608198,0.639110,1.000000,0.790633,-0.648145,0.004806,0.003211,0.003866,0.030882,-0.314482,-0.361613,-0.053677,0.202210,0.269422,0.103055,-0.071644,-0.159680,-0.094023,-0.051240,-0.014824,-0.020787,-0.083095,-0.035344,-0.000895,-0.013736,-0.007402,0.501562,0.270094,0.181224,-0.014203,0.012045,0.020002,-0.005970,-0.003289,-0.027685,-0.006053,0.012650,-0.008058,-0.005980,-0.012054,-0.015702,-0.011129,-0.015983
-0.329596,0.636630,-0.524869,0.182353,-0.075719,-0.500169,-0.333442,-0.767066,-0.795556,-0.679784,-0.636903,-0.545605,-0.533525,-0.541135,-0.286383,-0.601515,-0.470667,-0.123260,-0.236518,-0.053462,-0.391176,-0.214388,-0.169662,-0.101082,-0.232840,-0.066727,0.174978,0.285256,0.268554,0.392847,0.573276,0.576204,0.717651,0.623648,0.428432,0.413140,0.502697,0.505683,0.785364,0.790633,1.000000,-0.846409,0.019419,0.004614,0.002187,-0.035102,-0.317787,-0.344235,-0.088998,0.146815,0.163065,0.136575,-0.105762,-0.270400,-0.161042,-0.100640,-0.034313,-0.047538,-0.124334,-0.072498,-0.001213,-0.028092,-0.012539,0.418334,0.434997,0.290086,-0.038787,0.006789,0.021795,-0.012303,-0.007841,-0.047608,-0.012038,0.028122,0.001862,-0.003515,0.011311,-0.013058,0.000584,-0.008555
0.348836,-0.631513,0.562695,-0.336034,0.155201,0.546905,0.502700,0.771841,0.846158,0.799822,0.751687,0.731643,0.671175,0.669203,0.469954,0.738344,0.593366,0.189970,0.327443,0.078482,0.490044,0.378903,0.352088,0.228852,0.290185,0.162114,-0.150955,-0.267359,-0.214770,-0.312399,-0.451242,-0.483067,-0.595570,-0.565818,-0.395415,-0.352787,-0.427109,-0.468747,-0.651327,-0.648145,-0.846409,1.000000,0.065944,0.049717,0.045757,0.108774,0.347460,0.385813,0.162526,-0.054054,-0.050348,-0.030270,0.184489,0.371959,0.291140,0.195662,0.130284,0.153112,0.164017,0.106521,0.021282,0.051026,0.040008,-0.346869,-0.424530,-0.348999,0.116582,0.023139,-0.005430,0.028568,0.024307,0.080108,0.042815,-0.030586,-0.018136,-0.000047,0.015340,0.027171,0.014622,0.019281
-0.311870,0.517912,-0.338503,0.402576,-0.361601,0.056506,0.168992,0.032100,-0.005985,-0.062088,0.001502,0.004641,-0.084211,0.354405,0.338609,0.355281,0.323311,0.191539,0.139126,-0.257003,0.040144,0.250297,0.173370,0.197395,-0.002818,0.205523,-0.002955,-0.017630,0.144003,0.190133,0.236699,-0.001792,-0.002221,-0.024905,-0.021197,-0.004358,-0.006461,-0.050724,0.362942,0.004806,0.019419,0.065944,1.000000,0.738885,0.564320,0.495289,0.421321,0.496508,0.507136,0.432648,0.527492,0.639503,0.554977,0.568722,0.617317,0.633212,0.661923,0.664348,0.197381,0.108894,0.152533,0.150900,0.172148,0.046625,0.099260,0.121497,0.517377,0.174600,0.132155,0.135262,0.127453,0.206067,0.204692,-0.028481,-0.044488,-0.019292,-0.000375,0.069548,0.013297,0.037656
-0.433116,0.429657,-0.498842,0.336733,-0.385604,0.066229,0.103287,0.039174,0.022866,-0.032342,-0.047684,-0.009530,-0.099512,0.316920,0.351105,0.362967,0.304725,0.163336,0.073219,-0.397127,-0.082920,0.135637,0.025677,0.085321,-0.074524,0.153033,-0.001664,-0.014830,0.148848,0.193719,0.231006,0.001625,-0.000257,-0.023424,-0.018425,-0.000583,-0.002560,-0.048361,0.297868,0.003211,0.004614,0.049717,0.738885,1.000000,0.740398,0.472396,0.423306,0.500768,0.508454,0.434968,0.523545,0.617749,0.557944,0.575412,0.604394,0.631247,0.685883,0.673185,0.184028,0.109260,0.169358,0.131886,0.156655,0.035765,0.067766,0.115333,0.493003,0.154845,0.160681,0.136493,0.136724,0.164515,0.225815,-0.034858,-0.046915,-0.025377,-0.002152,0.036187,-0.006844,-0.004066
-0.643706,0.352375,-0.410630,0.291555,-0.322249,0.069888,0.051829,0.042180,0.030059,-0.015905,-0.033160,0.015401,-0.076144,0.288299,0.309979,0.300739,0.289011,0.095030,0.056408,-0.408549,-0.104717,0.060617,0.008686,-0.034835,-0.253641,-0.000724,-0.000124,-0.014124,0.142930,0.185948,0.218971,0.003184,0.000993,-0.023006,-0.016918,0.001069,-0.001285,-0.046986,0.264129,0.003866,0.002187,0.045757,0.564320,0.740398,1.000000,0.444434,0.401545,0.475162,0.482939,0.414825,0.496848,0.581386,0.534852,0.550125,0.586124,0.603044,0.665283,0.658711,0.151733,0.089580,0.184290,0.117271,0.137477,0.032598,0.053986,0.084767,0.456085,0.131860,0.149479,0.091196,0.129085,0.138782,0.192030,-0.044952,-0.057916,-0.046187,0.002683,0.001880,-0.001133,-0.004769
-0.208379,0.220127,-0.180624,0.172096,-0.156583,0.125877,0.251136,0.142686,0.122779,0.096211,0.125874,0.152836,0.080772,0.353264,0.387756,0.372610,0.342625,0.198925,0.174280,-0.161581,0.105204,0.219520,0.192210,0.176233,0.034140,0.174279,-0.001818,-0.016673,0.177656,0.290323,0.422989,0.028434,0.032715,-0.025680,-0.015852,0.007419,0.009427,-0.042478,0.241745,0.030882,-0.035102,0.108774,0.495289,0.472396,0.444434,1.000000,0.469110,0.595706,0.616231,0.513316,0.636324,0.587430,0.614878,0.613613,0.603612,0.711225,0.590393,0.615162,0.177331,0.118755,0.095621,0.116187,0.106862,0.050049,0.018622,0.023233,0.453427,0.021151,-0.004958,0.065774,0.067808,0.158683,0.123309,-0.087998,-0.041498,-0.026157,0.018754,0.056988,0.030794,0.040978
-0.129439,0.040808,-0.062543,0.168360,-0.171597,0.186529,0.193629,0.239925,0.271258,0.214170,0.241383,0.238059,0.168443,0.326533,0.328086,0.500259,0.423405,0.203939,0.188468,-0.166960,0.158448,0.199878,0.159767,0.148109,0.074331,0.155649,-0.104156,-0.198426,0.034688,-0.017691,-0.066809,-0.407024,-0.388199,-0.398877,-0.322116,-0.275354,-0.343461,-0.195108,-0.024532,-0.314482,-0.317787,0.347460,0.421321,0.423306,0.401545,0.469110,1.000000,0.789889,0.808527,0.428135,0.474016,0.501603,0.691200,0.637661,0.591797,0.663883,0.551364,0.584438,0.168370,0.135562,0.053294,0.063663,0.057672,-0.163022,-0.076304,-0.033376,0.392962,-0.020429,-0.036731,0.022511,0.028898,0.096119,0.079101,-0.089461,-0.041156,-0.036153,0.019179,0.047566,0.027372,0.035223
-0.158790,0.065177,-0.083935,0.188367,-0.204712,0.200034,0.255102,0.325415,0.323584,0.247848,0.275621,0.279244,0.193121,0.514874,0.387957,0.566253,0.485311,0.233182,0.208166,-0.199974,0.180164,0.248808,0.195175,0.178218,0.083505,0.187421,-0.056393,-0.115321,0.108339,0.109730,0.046877,-0.228754,-0.301841,-0.301755,-0.189276,-0.153156,-0.195220,-0.194426,0.002821,-0.361613,-0.344235,0.385813,0.496508,0.500768,0.475162,0.595706,0.789889,1.000000,0.754436,0.492606,0.567766,0.592262,0.719420,0.788980,0.718882,0.808689,0.657961,0.693058,0.202309,0.157390,0.078263,0.097803,0.087511,-0.232609,-0.120979,-0.059431,0.473337,0.023548,-0.002494,0.044288,0.050085,0.141223,0.108951,-0.083869,-0.049304,-0.038405,0.022737,0.053980,0.031431,0.040469
-0.234776,0.221912,-0.203257,0.191788,-0.201584,0.170575,0.207787,0.160735,0.149891,0.109808,0.137258,0.164590,0.084961,0.400567,0.397010,0.418653,0.375133,0.235739,0.203057,-0.201751,0.100301,0.221300,0.182132,0.173097,0.032992,0.184040,-0.000912,-0.025848,0.263551,0.341519,0.283942,-0.005312,-0.029737,-0.059450,-0.037401,0.001144,-0.006165,-0.124347,0.217790,-0.053677,-0.088998,0.162526,0.507136,0.508454,0.482939,0.616231,0.808527,0.754436,1.000000,0.832863,0.747539,0.675001,0.819269,0.696957,0.675944,0.796908,0.667002,0.699657,0.172611,0.149386,0.074357,0.090256,0.081940,0.020751,0.020714,0.035600,0.476306,-0.020347,-0.039831,0.035560,0.043154,0.127053,0.104863,-0.116903,-0.054668,-0.044938,0.020216,0.049652,0.029160,0.035774
-0.267840,0.331852,-0.279689,0.158754,-0.171796,0.104960,0.142229,0.033295,-0.009838,-0.017453,0.002554,0.044527,-0.016272,0.354059,0.342096,0.221066,0.218410,0.190709,0.154576,-0.175597,0.017766,0.170479,0.144126,0.139635,-0.015393,0.149615,0.099133,0.144237,0.403936,0.572906,0.534245,0.366913,0.308771,0.271640,0.240686,0.263029,0.311190,-0.022404,0.388862,0.202210,0.146815,-0.054054,0.432648,0.434968,0.414825,0.513316,0.428135,0.492606,0.832863,1.000000,0.780048,0.626447,0.669469,0.532096,0.541572,0.665562,0.565517,0.594549,0.122593,0.123385,0.058217,0.064066,0.060625,0.186451,0.106514,0.089933,0.400002,-0.005022,-0.018954,0.016017,0.024514,0.092556,0.085391,-0.087122,-0.055000,-0.045153,0.016145,0.038775,0.023645,0.026918
-0.311272,0.384508,-0.323999,0.213437,-0.194082,0.140599,0.139038,-0.013860,-0.014913,-0.022336,0.007379,0.058355,-0.016523,0.321023,0.430519,0.281327,0.274670,0.240028,0.200396,-0.201068,0.026801,0.203246,0.179727,0.176440,-0.012804,0.188749,0.046801,0.057298,0.293226,0.413141,0.543410,0.194887,0.237659,0.168611,0.107189,0.135925,0.162545,-0.031816,0.444885,0.269422,0.163065,-0.050348,0.527492,0.523545,0.496848,0.636324,0.474016,0.567766,0.747539,0.780048,1.000000,0.787384,0.691932,0.631148,0.649610,0.805854,0.688208,0.716141,0.158784,0.139835,0.090595,0.103447,0.098213,0.279429,0.161069,0.129252,0.486051,0.050175,0.028369,0.042360,0.050210,0.138919,0.122273,-0.073415,-0.061225,-0.047026,0.017577,0.045742,0.027131,0.032387
-0.365312,0.452901,-0.383755,0.317777,-0.264825,0.148957,0.134306,-0.030489,-0.075184,-0.070828,-0.007602,0.048395,-0.043957,0.323203,0.402183,0.331488,0.321635,0.288425,0.244847,-0.248068,0.021950,0.224385,0.199350,0.206772,-0.018025,0.225059,0.012843,0.004984,0.217664,0.295632,0.371978,0.072213,0.089290,0.039062,0.020219,0.046990,0.056914,-0.072290,0.491363,0.103055,0.136575,-0.030270,0.639503,0.617749,0.581386,0.587430,0.501603,0.592262,0.675001,0.626447,0.787384,1.000000,0.699609,0.700535,0.751089,0.805771,0.826135,0.839315,0.196196,0.130896,0.136631,0.162648,0.152766,0.166370,0.277190,0.207706,0.577215,0.139530,0.107162,0.084228,0.088443,0.208236,0.175858,-0.040230,-0.062346,-0.044555,0.021408,0.057945,0.036692,0.044529
-0.250767,0.230398,-0.211769,0.217203,-0.220346,0.180438,0.218366,0.169326,0.165677,0.122025,0.157116,0.185486,0.097016,0.435175,0.441534,0.459024,0.418865,0.264300,0.225796,-0.215186,0.118412,0.251184,0.208068,0.202097,0.044072,0.216111,-0.003809,-0.029653,0.275336,0.283213,0.249913,-0.038666,-0.054431,-0.077297,-0.045580,-0.008131,-0.024087,-0.128748,0.217841,-0.071644,-0.105762,0.184489,0.554977,0.557944,0.534852,0.614878,0.691200,0.719420,0.819269,0.669469,0.691932,0.699609,1.000000,0.727857,0.727803,0.863210,0.732475,0.791039,0.216083,0.167214,0.104923,0.106054,0.106137,0.017305,0.027205,0.045128,0.521304,-0.034158,-0.046481,0.068055,0.075810,0.135426,0.122847,-0.121303,-0.039244,-0.031789,0.022452,0.055625,0.032069,0.040107
-0.187607,0.105705,-0.108088,0.147692,-0.196250,0.213424,0.304804,0.321806,0.393323,0.301111,0.313232,0.342961,0.236277,0.612814,0.581249,0.616479,0.543705,0.264520,0.231425,-0.215723,0.212926,0.322885,0.271815,0.235288,0.097710,0.237021,-0.024883,-0.059805,0.154222,0.186983,0.187889,-0.099190,-0.134707,-0.149002,-0.093330,-0.066484,-0.086893,-0.127342,0.107160,-0.159680,-0.270400,0.371959,0.568722,0.575412,0.550125,0.613613,0.637661,0.788980,0.696957,0.532096,0.631148,0.700535,0.727857,1.000000,0.894036,0.831069,0.789383,0.820849,0.238550,0.157012,0.113424,0.155431,0.131860,-0.079782,-0.199143,-0.114730,0.578275,0.118137,0.074018,0.079285,0.083209,0.217693,0.155848,-0.061816,-0.070469,-0.044433,0.031776,0.063481,0.039000,0.048016
-0.213644,0.180978,-0.141514,0.146237,-0.140863,0.184658,0.311520,0.220218,0.252262,0.237984,0.302642,0.371247,0.252684,0.561359,0.612550,0.607454,0.554629,0.283229,0.248711,-0.197167,0.231364,0.372019,0.350781,0.292316,0.103743,0.282019,-0.015674,-0.044562,0.165551,0.207087,0.226358,-0.059196,-0.080749,-0.101998,-0.065767,-0.041029,-0.053734,-0.110460,0.207906,-0.094023,-0.161042,0.291140,0.617317,0.604394,0.586124,0.603612,0.591797,0.718882,0.675944,0.541572,0.649610,0.751089,0.727803,0.894036,1.000000,0.831327,0.874216,0.897704,0.255954,0.160299,0.135401,0.146385,0.162876,-0.017021,-0.073841,-0.137528,0.608456,0.186593,0.131443,0.101492,0.103804,0.202848,0.187960,-0.038236,-0.057559,-0.050536,0.030067,0.076618,0.051941,0.062558
-0.286164,0.269736,-0.245385,0.251724,-0.245792,0.199413,0.239513,0.180004,0.180371,0.128634,0.167393,0.205632,0.102141,0.505823,0.508607,0.509775,0.467228,0.298430,0.253194,-0.241652,0.127053,0.288198,0.239729,0.232544,0.045563,0.248593,-0.007059,-0.032290,0.215372,0.277866,0.315491,-0.021435,-0.037213,-0.073818,-0.045240,-0.012502,-0.020469,-0.126941,0.263092,-0.051240,-0.100640,0.195662,0.633212,0.631247,0.603044,0.711225,0.663883,0.808689,0.796908,0.665562,0.805854,0.805771,0.863210,0.831069,0.831327,1.000000,0.838373,0.903202,0.246580,0.181955,0.132753,0.138211,0.137114,0.033554,0.034463,0.053265,0.598034,0.070096,0.045887,0.092553,0.099842,0.175920,0.154608,-0.067671,-0.045421,-0.032657,0.024953,0.061434,0.035882,0.044578
-0.354112,0.348429,-0.331360,0.295467,-0.282900,0.158533,0.199923,0.104766,0.105633,0.059781,0.118099,0.156280,0.044833,0.438911,0.513352,0.477000,0.460383,0.329830,0.278603,-0.247822,0.111747,0.307213,0.248471,0.278592,0.032500,0.293814,-0.004668,-0.024909,0.183024,0.236548,0.276309,-0.008902,-0.014076,-0.045599,-0.032198,-0.008275,-0.011538,-0.090258,0.315826,-0.014824,-0.034313,0.130284,0.661923,0.685883,0.665283,0.590393,0.551364,0.657961,0.667002,0.565517,0.688208,0.826135,0.732475,0.789383,0.874216,0.838373,1.000000,0.934634,0.249245,0.145664,0.170848,0.155613,0.173129,0.057373,0.082198,0.100977,0.635905,0.180214,0.190760,0.126373,0.127669,0.189883,0.219813,-0.026273,-0.039782,-0.051611,0.009961,0.055555,0.016466,0.028003
-0.334535,0.329847,-0.293662,0.282514,-0.259802,0.176377,0.216278,0.122410,0.128813,0.084927,0.145359,0.191780,0.075993,0.477017,0.539409,0.502783,0.474724,0.325295,0.276070,-0.254549,0.121986,0.308184,0.269094,0.266109,0.035114,0.282505,-0.005489,-0.028292,0.193563,0.247786,0.284909,-0.011651,-0.018506,-0.053135,-0.037137,-0.009824,-0.014002,-0.099569,0.311105,-0.020787,-0.047538,0.153112,0.664348,0.673185,0.658711,0.615162,0.584438,0.693058,0.699657,0.594549,0.716141,0.839315,0.791039,0.820849,0.897704,0.903202,0.934634,1.000000,0.260313,0.170646,0.152037,0.136541,0.156443,0.059652,0.076831,0.081738,0.636197,0.148807,0.124554,0.103687,0.113254,0.167228,0.177910,-0.020702,-0.036787,-0.038494,0.017818,0.065908,0.032761,0.047489
0.055780,-0.020186,0.055514,-0.006602,0.021050,0.088596,0.180088,0.129214,0.150080,0.162433,0.221340,0.195826,0.182272,0.236670,0.280201,0.280194,0.293885,0.079170,0.122012,0.043071,0.220445,0.233347,0.226511,0.233283,0.199349,0.236014,-0.020499,-0.038589,0.014330,0.018748,0.017642,-0.058197,-0.073979,-0.072082,-0.052292,-0.043331,-0.053650,-0.055815,-0.000745,-0.083095,-0.124334,0.164017,0.197381,0.184028,0.151733,0.177331,0.168370,0.202309,0.172611,0.122593,0.158784,0.196196,0.216083,0.238550,0.255954,0.246580,0.249245,0.260313,1.000000,0.872169,0.614937,0.513044,0.565761,0.009777,0.014509,0.019980,0.194603,0.228374,0.238776,0.264422,0.269698,0.405292,0.435658,0.236462,0.271139,0.275136,0.015028,0.063936,0.026801,0.043000
0.049290,-0.010509,0.044134,-0.025873,0.036213,0.054819,0.128897,0.088254,0.103374,0.115238,0.162693,0.140498,0.129639,0.167590,0.208621,0.193068,0.203163,0.024014,0.070979,0.055044,0.169665,0.170721,0.173258,0.182231,0.158547,0.183642,-0.003293,-0.015482,0.035264,0.043434,0.039227,-0.013144,-0.021828,-0.028834,-0.019259,-0.007556,-0.011297,-0.027759,0.004463,-0.035344,-0.072498,0.106521,0.108894,0.109260,0.089580,0.118755,0.135562,0.157390,0.149386,0.123385,0.139835,0.130896,0.167214,0.157012,0.160299,0.181955,0.145664,0.170646,0.872169,1.000000,0.620755,0.508946,0.567128,0.031805,0.031307,0.033252,-0.134853,0.206954,0.235784,0.188720,0.197579,0.378053,0.423414,0.273413,0.315865,0.311880,0.001047,0.032965,0.006043,0.016508
-0.147718,0.085993,-0.078412,0.070119,-0.076951,-0.001514,0.028157,0.019284,0.014281,0.000019,-0.005041,0.015028,-0.027863,0.080495,0.087094,0.076710,0.048012,-0.033056,-0.014863,-0.098416,-0.022549,0.017359,0.020469,0.014634,-0.091064,0.027429,-0.002905,-0.007461,0.014834,0.024165,0.035420,0.000275,-0.000522,-0.008901,-0.007166,-0.000762,-0.000989,0.000639,0.051183,-0.000895,-0.001213,0.021282,0.152533,0.169358,0.184290,0.095621,0.053294,0.078263,0.074357,0.058217,0.090595,0.136631,0.104923,0.113424,0.135401,0.132753,0.170848,0.152037,0.614937,0.620755,1.000000,0.714887,0.817398,0.039042,0.063741,0.088882,0.050489,0.367436,0.412110,0.370159,0.425027,0.563962,0.635875,0.223218,0.258964,0.282522,0.005582,0.051319,0.011139,0.024157
-0.061985,0.055554,-0.031226,0.053771,-0.052483,0.025917,0.062371,0.050310,0.052106,0.033907,0.040780,0.048382,0.012116,0.111602,0.111836,0.104383,0.093313,0.004929,0.027655,-0.042734,0.035012,0.066173,0.066178,0.071667,0.002069,0.076404,-0.006249,-0.010224,0.013889,0.023439,0.033024,-0.007059,-0.010967,-0.017856,-0.011995,-0.005124,-0.006672,-0.011000,0.040293,-0.013736,-0.028092,0.051026,0.150900,0.131886,0.117271,0.116187,0.063663,0.097803,0.090256,0.064066,0.103447,0.162648,0.106054,0.155431,0.146385,0.138211,0.155613,0.136541,0.513044,0.508946,0.714887,1.000000,0.876114,0.029639,0.036822,0.060389,0.080651,0.398984,0.356700,0.340118,0.327361,0.705353,0.533338,0.156784,0.184218,0.218423,0.018685,0.064027,0.032751,0.046239
-0.082677,0.079709,-0.048257,0.058515,-0.057983,0.012302,0.057126,0.033786,0.029865,0.020245,0.030773,0.046392,0.001589,0.104949,0.114584,0.103172,0.089304,0.001955,0.022331,-0.056968,0.025020,0.063020,0.065478,0.070855,-0.011655,0.079240,-0.005509,-0.009893,0.012620,0.022350,0.033314,-0.004166,-0.006292,-0.013984,-0.010640,-0.004089,-0.004901,-0.005778,0.047530,-0.007402,-0.012539,0.040008,0.172148,0.156655,0.137477,0.106862,0.057672,0.087511,0.081940,0.060625,0.098213,0.152766,0.106137,0.131860,0.162876,0.137114,0.173129,0.156443,0.565761,0.567128,0.817398,0.876114,1.000000,0.038149,0.058963,0.073517,0.066211,0.474425,0.424869,0.380308,0.368064,0.662550,0.607968,0.193136,0.221123,0.247273,0.012939,0.071307,0.028822,0.050125
-0.116035,0.272503,-0.194710,0.029721,0.012749,-0.069805,-0.085520,-0.300490,-0.271145,-0.216649,-0.192774,-0.157864,-0.157988,-0.142261,0.057334,-0.183963,-0.121894,0.042378,0.020277,0.019499,-0.085881,0.000253,0.022694,0.044889,-0.037529,0.055441,0.057395,0.104093,0.111900,0.200560,0.354084,0.314385,0.411049,0.345181,0.197336,0.192901,0.245750,0.173508,0.362575,0.501562,0.418334,-0.346869,0.046625,0.035765,0.032598,0.050049,-0.163022,-0.232609,0.020751,0.186451,0.279429,0.166370,0.017305,-0.079782,-0.017021,0.033554,0.057373,0.059652,0.009777,0.031805,0.039042,0.029639,0.038149,1.000000,0.541978,0.368583,0.030423,0.029929,0.037627,0.030638,0.029517,0.009527,0.031457,0.031854,0.011267,0.010478,-0.002283,0.001046,0.000130,-0.001368
-0.185321,0.385873,-0.301291,0.213751,-0.081518,-0.123189,-0.177194,-0.391096,-0.488409,-0.411350,-0.322701,-0.299164,-0.304018,-0.273069,-0.143785,-0.247289,-0.174522,0.070487,0.030700,-0.014913,-0.164696,-0.056844,-0.045733,0.023905,-0.068610,0.063010,0.027489,0.053322,0.061451,0.106138,0.183661,0.165663,0.220141,0.179818,0.101250,0.100952,0.129974,0.081282,0.396707,0.270094,0.434997,-0.424530,0.099260,0.067766,0.053986,0.018622,-0.076304,-0.120979,0.020714,0.106514,0.161069,0.277190,0.027205,-0.199143,-0.073841,0.034463,0.082198,0.076831,0.014509,0.031307,0.063741,0.036822,0.058963,0.541978,1.000000,0.686323,0.026517,0.019547,0.040950,0.044583,0.044450,-0.003520,0.046011,0.043110,0.036857,0.023339,-0.018921,-0.002282,-0.008980,-0.005757
-0.239212,0.386258,-0.364923,0.359948,-0.296804,-0.074585,-0.238326,-0.260324,-0.317384,-0.403411,-0.396272,-0.445148,-0.461751,-0.221495,-0.200605,-0.260549,-0.198146,0.094646,0.027013,-0.091469,-0.250290,-0.137545,-0.204556,-0.051759,-0.103373,0.036221,0.018029,0.036642,0.048296,0.079382,0.129981,0.111929,0.149054,0.119905,0.068366,0.068380,0.089296,0.050885,0.262597,0.181224,0.290086,-0.348999,0.121497,0.115333,0.084767,0.023233,-0.033376,-0.059431,0.035600,0.089933,0.129252,0.207706,0.045128,-0.114730,-0.137528,0.053265,0.100977,0.081738,0.019980,0.033252,0.088882,0.060389,0.073517,0.368583,0.686323,1.000000,0.032048,-0.010194,0.028368,0.051731,0.055899,0.018517,0.055841,0.022620,0.037394,0.035279,-0.040752,-0.036662,-0.063021,-0.051685
-0.220027,0.227841,-0.194271,0.199646,-0.194657,0.121595,0.167699,0.096152,0.098491,0.071716,0.102261,0.136917,0.060825,0.349537,0.373493,0.355227,0.333711,0.224704,0.185359,-0.187065,0.083255,0.217996,0.182794,0.176575,0.022953,0.189446,-0.003413,-0.015126,0.133890,0.173715,0.203662,-0.006507,-0.012167,-0.031892,-0.020223,-0.005047,-0.007989,-0.065107,0.228982,-0.014203,-0.038787,0.116582,0.517377,0.493003,0.456085,0.453427,0.392962,0.473337,0.476306,0.400002,0.486051,0.577215,0.521304,0.578275,0.608456,0.598034,0.635905,0.636197,0.194603,-0.134853,0.050489,0.080651,0.066211,0.030423,0.026517,0.032048,1.000000,0.135113,0.081740,0.158107,0.160692,0.156079,0.110724,-0.065722,-0.108102,-0.085663,0.035670,0.101058,0.063573,0.082557
-0.066611,0.096624,-0.045860,0.052648,-0.039345,0.000762,0.042454,-0.004188,0.004069,0.010313,0.036591,0.048299,0.011270,0.093845,0.126149,0.101638,0.086705,0.023525,0.033798,-0.042663,0.036064,0.069027,0.086671,0.076734,-0.011143,0.064281,-0.003932,-0.019581,-0.040867,-0.008668,0.028474,0.003294,0.002533,-0.002474,-0.011360,-0.007430,-0.007828,0.007583,0.073023,0.012045,0.006789,0.023139,0.174600,0.154845,0.131860,0.021151,-0.020429,0.023548,-0.020347,-0.005022,0.050175,0.139530,-0.034158,0.118137,0.186593,0.070096,0.180214,0.148807,0.228374,0.206954,0.367436,0.398984,0.474425,0.029929,0.019547,-0.010194,0.135113,1.000000,0.819308,0.259212,0.236566,0.386718,0.352409,0.400314,0.108796,0.102482,-0.010049,0.048838,0.003519,0.034909
-0.088196,0.095853,-0.068181,0.058900,-0.049056,-0.011328,0.017160,-0.023304,-0.017006,-0.015560,0.012213,0.009016,-0.021756,0.052659,0.105862,0.076241,0.073215,0.017414,0.026509,-0.029109,0.030799,0.057689,0.066529,0.083631,-0.025345,0.066101,-0.003151,-0.016281,-0.041550,-0.013289,0.020639,0.008454,0.009814,0.004201,-0.006970,-0.003717,-0.002818,0.014131,0.065844,0.020002,0.021795,-0.005430,0.132155,0.160681,0.149479,-0.004958,-0.036731,-0.002494,-0.039831,-0.018954,0.028369,0.107162,-0.046481,0.074018,0.131443,0.045887,0.190760,0.124554,0.238776,0.235784,0.412110,0.356700,0.424869,0.037627,0.040950,0.028368,0.081740,0.819308,1.000000,0.286476,0.262099,0.314579,0.404449,0.409674,0.152931,0.118630,-0.022998,0.029866,-0.026254,-0.010155
0.019888,0.031850,0.001912,0.044473,-0.032265,0.002580,0.074753,0.025327,0.019531,0.018695,0.052296,0.037560,0.020229,0.091959,0.131727,0.118554,0.137347,0.065129,0.049368,0.013993,0.077460,0.123757,0.101589,0.144676,0.094706,0.183932,-0.004326,-0.004562,0.003457,0.004352,0.011819,-0.003621,-0.006353,-0.009030,-0.006149,-0.004238,-0.004902,0.000327,0.020530,-0.005970,-0.012303,0.028568,0.135262,0.136493,0.091196,0.065774,0.022511,0.044288,0.035560,0.016017,0.042360,0.084228,0.068055,0.079285,0.101492,0.092553,0.126373,0.103687,0.264422,0.188720,0.370159,0.340118,0.380308,0.030638,0.044583,0.051731,0.158107,0.259212,0.286476,1.000000,0.884193,0.299132,0.326149,0.111269,0.124241,0.130206,0.004675,0.058612,0.010727,0.029347
-0.033188,0.038359,-0.021072,0.052110,-0.050166,-0.001109,0.051801,0.022076,0.017731,0.008467,0.022006,0.026768,0.001099,0.083756,0.110396,0.098370,0.114720,0.056966,0.016116,-0.032881,0.027535,0.095610,0.065195,0.094371,0.052660,0.161489,-0.004694,-0.004469,0.007040,0.008370,0.015423,-0.001823,-0.004028,-0.009391,-0.006154,-0.002678,-0.003164,0.001682,0.023240,-0.003289,-0.007841,0.024307,0.127453,0.136724,0.129085,0.067808,0.028898,0.050085,0.043154,0.024514,0.050210,0.088443,0.075810,0.083209,0.103804,0.099842,0.127669,0.113254,0.269698,0.197579,0.425027,0.327361,0.368064,0.029517,0.044450,0.055899,0.160692,0.236566,0.262099,0.884193,1.000000,0.278257,0.314150,0.121055,0.138972,0.150665,0.000624,0.032280,0.000154,0.009332
-0.069126,0.065809,-0.035611,0.060650,-0.061908,0.040522,0.088834,0.072164,0.073742,0.056951,0.059837,0.073907,0.035316,0.152623,0.134335,0.138190,0.117139,0.010440,0.033926,-0.062799,0.040525,0.072973,0.075275,0.062785,-0.003080,0.057731,-0.005674,-0.011635,0.022819,0.035478,0.048777,-0.015559,-0.022201,-0.025178,-0.015183,-0.009582,-0.012460,-0.023644,0.064352,-0.027685,-0.047608,0.080108,0.206067,0.164515,0.138782,0.158683,0.096119,0.141223,0.127053,0.092556,0.138919,0.208236,0.135426,0.217693,0.202848,0.175920,0.189883,0.167228,0.405292,0.378053,0.563962,0.705353,0.662550,0.009527,-0.003520,0.018517,0.156079,0.386718,0.314579,0.299132,0.278257,1.000000,0.589023,0.040181,0.033317,0.082953,0.029783,0.068487,0.069992,0.070454
-0.107321,0.102173,-0.075489,0.066118,-0.062697,0.021571,0.071509,0.031531,0.029315,0.021737,0.042980,0.045533,0.004092,0.113763,0.146280,0.132374,0.117792,-0.005757,0.031556,-0.055456,0.043571,0.076502,0.082412,0.080866,-0.021867,0.066156,-0.003532,-0.007278,0.023615,0.035200,0.048198,-0.002683,-0.004168,-0.010629,-0.007386,-0.002245,-0.002671,-0.011379,0.067797,-0.006053,-0.012038,0.042815,0.204692,0.225815,0.192030,0.123309,0.079101,0.108951,0.104863,0.085391,0.122273,0.175858,0.122847,0.155848,0.187960,0.154608,0.219813,0.177910,0.435658,0.423414,0.635875,0.533338,0.607968,0.031457,0.046011,0.055841,0.110724,0.352409,0.404449,0.326149,0.314150,0.589023,1.000000,0.058467,0.054420,0.043574,0.016841,0.124666,0.037813,0.068331
0.052510,0.004888,0.028154,-0.002014,0.031453,-0.034903,-0.012569,-0.041589,-0.042216,-0.026359,0.006466,-0.011487,-0.008541,-0.025740,0.008025,-0.009887,0.008633,0.014931,0.012059,0.076175,0.045426,0.042151,0.042993,0.078445,0.063760,0.091670,-0.002066,-0.013975,-0.058248,-0.045623,-0.029022,0.002922,0.004053,0.002270,-0.007634,-0.006667,-0.006575,0.014230,0.006576,0.012650,0.028122,-0.030586,-0.028481,-0.034858,-0.044952,-0.087998,-0.089461,-0.083869,-0.116903,-0.087122,-0.073415,-0.040230,-0.121303,-0.061816,-0.038236,-0.067671,-0.026273,-0.020702,0.236462,0.273413,0.223218,0.156784,0.193136,0.031854,0.043110,0.022620,-0.065722,0.400314,0.409674,0.111269,0.121055,0.040181,0.058467,1.000000,0.786130,0.673312,0.116339,0.283945,0.181928,0.233884
0.059348,-0.011124,0.037524,0.009296,0.018334,-0.021176,-0.010863,-0.012426,-0.017052,-0.026444,0.000435,-0.023904,-0.025947,-0.036050,-0.015945,-0.019937,-0.001431,0.016311,0.005123,0.079889,0.039844,0.032074,0.018021,0.069669,0.071045,0.098673,-0.003030,-0.005147,-0.022782,-0.031125,-0.037733,-0.008834,-0.009597,-0.009205,-0.007791,-0.007241,-0.008506,0.003855,-0.038813,-0.008058,0.001862,-0.018136,-0.044488,-0.046915,-0.057916,-0.041498,-0.041156,-0.049304,-0.054668,-0.055000,-0.061225,-0.062346,-0.039244,-0.070469,-0.057559,-0.045421,-0.039782,-0.036787,0.271139,0.315865,0.258964,0.184218,0.221123,0.011267,0.036857,0.037394,-0.108102,0.108796,0.152931,0.124241,0.138972,0.033317,0.054420,0.786130,1.000000,0.856937,-0.108640,0.206959,-0.050152,0.093618
0.032850,-0.009041,0.026497,-0.004082,0.004830,-0.013795,-0.008071,0.002371,-0.000461,-0.005137,-0.008035,-0.009476,-0.023690,-0.008755,-0.019588,-0.018382,-0.023063,0.009448,-0.022052,0.022492,0.000303,0.009254,-0.012477,0.013859,0.041478,0.073513,-0.002478,-0.003803,-0.018095,-0.023406,-0.026663,-0.005452,-0.006513,-0.007699,-0.005874,-0.004426,-0.005355,0.004619,-0.028799,-0.005980,-0.003515,-0.000047,-0.019292,-0.025377,-0.046187,-0.026157,-0.036153,-0.038405,-0.044938,-0.045153,-0.047026,-0.044555,-0.031789,-0.044433,-0.050536,-0.032657,-0.051611,-0.038494,0.275136,0.311880,0.282522,0.218423,0.247273,0.010478,0.023339,0.035279,-0.085663,0.102482,0.118630,0.130206,0.150665,0.082953,0.043574,0.673312,0.856937,1.000000,-0.073679,-0.059014,-0.125020,-0.142970
0.022448,-0.022252,0.032280,-0.054890,0.048372,-0.012244,0.038067,-0.010204,-0.008657,0.046394,0.046802,0.052518,0.054856,0.020814,0.030517,0.035476,0.033948,0.004074,0.024260,0.023822,0.042221,0.032747,0.053249,0.033197,0.016425,0.011109,-0.001824,-0.004233,0.002827,0.003325,0.000793,-0.004420,-0.007779,-0.007248,-0.004726,-0.003765,-0.004683,-0.016931,0.028248,-0.012054,0.011311,0.015340,-0.000375,-0.002152,0.002683,0.018754,0.019179,0.022737,0.020216,0.016145,0.017577,0.021408,0.022452,0.031776,0.030067,0.024953,0.009961,0.017818,0.015028,0.001047,0.005582,0.018685,0.012939,-0.002283,-0.018921,-0.040752,0.035670,-0.010049,-0.022998,0.004675,0.000624,0.029783,0.016841,0.116339,-0.108640,-0.073679,1.000000,0.242378,0.497944,0.340721
0.074970,0.012230,0.045758,-0.001830,0.040986,0.008198,0.074916,0.014141,0.008376,0.031361,0.083584,0.052239,0.056590,0.053609,0.088074,0.085179,0.109307,0.017696,0.067112,0.101613,0.123015,0.108096,0.121839,0.148514,0.097403,0.081715,-0.002655,-0.006927,0.009261,0.011533,0.012477,-0.009941,-0.013786,-0.012655,-0.009379,-0.007581,-0.010306,-0.017285,0.027356,-0.015702,-0.013058,0.027171,0.069548,0.036187,0.001880,0.056988,0.047566,0.053980,0.049652,0.038775,0.045742,0.057945,0.055625,0.063481,0.076618,0.061434,0.055555,0.065908,0.063936,0.032965,0.051319,0.064027,0.071307,0.001046,-0.002282,-0.036662,0.101058,0.048838,0.029866,0.058612,0.032280,0.068487,0.124666,0.283945,0.206959,-0.059014,0.242378,1.000000,0.413177,0.588064
0.041578,-0.022601,0.050617,-0.030102,0.087043,-0.006785,0.054397,-0.000328,-0.012415,0.016600,0.070914,0.074202,0.085239,0.026532,0.053822,0.055613,0.058025,0.006919,0.043707,0.049196,0.074847,0.062031,0.098636,0.063631,0.032753,0.022410,-0.002348,-0.004438,0.006165,0.007364,0.006144,-0.004899,-0.007715,-0.007389,-0.005230,-0.004096,-0.005150,-0.016906,0.026471,-0.011129,0.000584,0.014622,0.013297,-0.006844,-0.001133,0.030794,0.027372,0.031431,0.029160,0.023645,0.027131,0.036692,0.032069,0.039000,0.051941,0.035882,0.016466,0.032761,0.026801,0.006043,0.011139,0.032751,0.028822,0.000130,-0.008980,-0.063021,0.063573,0.003519,-0.026254,0.010727,0.000154,0.069992,0.037813,0.181928,-0.050152,-0.125020,0.497944,0.413177,1.000000,0.615203
0.061676,-0.007129,0.062936,-0.008957,0.057332,0.003172,0.066100,0.006716,-0.001630,0.023672,0.085344,0.051393,0.067144,0.038246,0.071458,0.072180,0.081696,0.009317,0.063496,0.086463,0.112778,0.082321,0.125837,0.102387,0.057122,0.042288,-0.001674,-0.006398,0.005280,0.006461,0.005589,-0.009692,-0.013355,-0.012093,-0.008388,-0.007283,-0.009589,-0.018446,0.023287,-0.015983,-0.008555,0.019281,0.037656,-0.004066,-0.004769,0.040978,0.035223,0.040469,0.035774,0.026918,0.032387,0.044529,0.040107,0.048016,0.062558,0.044578,0.028003,0.047489,0.043000,0.016508,0.024157,0.046239,0.050125,-0.001368,-0.005757,-0.051685,0.082557,0.034909,-0.010155,0.029347,0.009332,0.070454,0.068331,0.233884,0.093618,-0.142970,0.340721,0.588064,0.615203,1.000000
