X_feature_price_bb_pct5,X_feature_price_price_to_min5,X_feature_price_price_to_ma21,X_feature_price_bb_pct21,X_feature_price_price_to_ma10,X_feature_price_bb_pct10,X_feature_price_price_to_min21,X_feature_price_price_to_min10,X_feature_price_high_to_initial126_exclude21,X_feature_price_high_to_initial90_exclude10,X_feature_price_freq_loss_fl756,X_feature_price_freq_loss_fl252,X_feature_price_high_to_initial252_exclude21,X_feature_price_trend_streak200_504,X_feature_price_ret252_shift0,X_feature_price_macd_21_252,X_feature_price_trend_streak200_126,X_feature_price_trend_streak200_252,X_feature_price_freq_loss_fl63,X_feature_price_freq_loss_fl21,X_feature_price_price_to_min63,X_feature_price_macd_10_21,X_feature_price_sharpe_ratio_compound_r63_volatility63_rolling,X_feature_price_price_to_ma63,X_feature_price_bb_pct126,X_feature_price_price_to_min252,X_feature_price_ret90_shift0,X_feature_price_price_to_ma252,X_feature_price_sharpe_ratio_compound_r126_volatility126_rolling,X_feature_price_macd_21_126,X_feature_price_final_to_high90_exclude10,X_feature_price_price_to_max252,X_feature_price_final_to_high252_exclude21,X_feature_price_lag1,X_feature_price_ret21_shift0,X_feature_price_ret10_shift0,X_feature_price_ret5_shift0,X_feature_price_downside_vol10,X_feature_price_downside_vol21,X_feature_price_vol10,X_feature_price_upside_vol10,X_feature_price_upside_vol21,X_feature_price_upside_vol63,X_feature_price_atr5,X_feature_price_downside_vol126,X_feature_price_downside_vol63,X_feature_price_atr21,X_feature_price_atr126,X_feature_price_vol252,X_feature_market_cap_log_identity,X_feature_market_cap_log_std21,X_feature_market_cap_log_std126,X_feature_market_cap_log_std504,X_feature_market_cap_log_std252,X_feature_market_cap_log_diff_126,X_feature_market_cap_log_to_min126,X_feature_market_cap_log_to_max504,X_feature_market_cap_log_diff_504,X_feature_market_cap_log_to_min504,X_feature_pv_pv_corr21,X_feature_pv_pv_corr126,X_feature_pv_pv_corr63,X_feature_liquidity_turnover_level63,X_feature_volume_log_volume_ratio_max126,X_feature_volume_log_volume_ratio_max252,X_feature_pv_illiquidity_mean21,X_feature_volume_log_volume_std504,X_feature_volume_log_volume_std126,X_feature_volume_log_volume_std63,X_feature_market_corr504,X_feature_market_corr252,X_feature_short_interest_to_volume_log_ratio_std252,X_feature_short_interest_to_volume_log_ratio_std63,X_feature_short_interest_to_volume_log_ratio,X_feature_short_interest_to_volume_log_ratio_mean252,X_feature_short_interest_to_volume_log_ratio_mean63,X_feature_short_interest_log_diff21,X_feature_short_interest_log_diff252,X_feature_short_interest_log_diff63,X_feature_short_interest_log_diff126
1.000000,0.778784,0.487791,0.602166,0.693077,0.811880,0.442949,0.612947,-0.001169,-0.001328,-0.053409,-0.086392,-0.005240,-0.024226,-0.095809,-0.030196,-0.028608,-0.025487,-0.152732,0.254068,0.260121,0.069218,-0.180880,0.283241,-0.266088,-0.132761,-0.145507,-0.153607,-0.132977,-0.028517,-0.020241,-0.218736,-0.027038,0.375950,0.287663,0.429142,0.639947,-0.194530,-0.110873,-0.021907,0.144442,0.058183,0.002796,-0.024097,-0.044880,-0.058149,-0.029550,-0.030147,-0.028014,-0.033595,-0.013550,-0.016965,-0.011837,-0.014129,-0.117193,0.176210,-0.160251,-0.059525,-0.079392,0.100123,0.033910,0.051403,-0.017247,-0.027000,-0.022300,-0.008919,-0.002810,-0.004880,-0.006553,-0.007181,-0.006563,-0.002147,-0.007631,-0.019419,-0.001172,-0.003567,-0.002337,-0.005551,-0.003220,-0.005595
0.778784,1.000000,0.496873,0.563538,0.708379,0.725436,0.569152,0.775854,-0.069138,0.062430,0.021435,-0.013885,-0.071467,0.032394,-0.069651,0.038674,0.027844,0.028126,-0.087202,0.201542,0.352808,0.024086,-0.134509,0.268862,-0.215978,-0.209373,-0.118933,-0.117411,-0.084185,0.035322,0.108194,-0.086202,0.099166,0.400596,0.286879,0.445559,0.676159,0.039309,0.112402,0.267596,0.404349,0.293221,0.215589,0.281041,0.164213,0.155237,0.217127,0.191132,0.179906,0.014522,0.181761,0.143622,0.143193,0.147854,-0.098955,0.263839,-0.043708,-0.053616,-0.163210,0.106636,0.045186,0.057943,0.132842,-0.052983,-0.051771,0.032831,0.012646,0.007863,0.008001,0.003502,0.000981,0.021353,0.017935,-0.066815,-0.019770,-0.026193,0.003953,0.010266,0.005995,0.005196
0.487791,0.496873,1.000000,0.894446,0.823658,0.710603,0.809812,0.689267,-0.006131,0.017759,-0.080750,-0.144716,-0.013229,-0.030601,-0.228572,-0.082596,-0.058166,-0.039688,-0.286785,0.522542,0.602416,0.370384,-0.438038,0.717857,-0.598994,-0.337764,-0.375625,-0.379899,-0.310229,-0.137859,-0.164222,-0.426941,-0.014236,0.295973,0.828381,0.883064,0.692889,-0.379549,-0.295314,-0.019632,0.313871,0.239286,0.087598,-0.046206,-0.080942,-0.132021,-0.032252,-0.019660,-0.016448,-0.075013,0.043212,-0.001013,0.002875,-0.000388,-0.297706,0.434060,-0.320909,-0.140764,-0.209047,0.406122,0.145606,0.216604,-0.011839,-0.003657,0.004319,-0.022546,0.000809,-0.005574,-0.011469,-0.005850,-0.008133,-0.003002,-0.020468,-0.001595,-0.006114,-0.010317,-0.008265,-0.013697,-0.007337,-0.012991
0.602166,0.563538,0.894446,1.000000,0.829876,0.826200,0.740185,0.700199,0.003974,0.000491,-0.093738,-0.150728,-0.004394,-0.042570,-0.204094,-0.084819,-0.062732,-0.048072,-0.280304,0.493905,0.520033,0.345861,-0.407493,0.623775,-0.568991,-0.278435,-0.325431,-0.335576,-0.291417,-0.132697,-0.135515,-0.418522,-0.040632,0.326802,0.705952,0.815705,0.722189,-0.394823,-0.299480,-0.054426,0.272087,0.166069,0.033232,-0.072168,-0.105699,-0.150548,-0.073736,-0.057435,-0.050997,-0.072616,-0.021121,-0.026593,-0.022986,-0.025349,-0.257814,0.363785,-0.314483,-0.125743,-0.165490,0.339081,0.116471,0.176971,-0.035544,-0.008865,-0.000802,-0.027379,-0.006149,-0.011145,-0.016132,-0.010838,-0.010573,-0.008128,-0.022798,-0.002321,-0.005428,-0.007693,-0.007861,-0.013123,-0.007709,-0.012442
0.693077,0.708379,0.823658,0.829876,1.000000,0.887523,0.687816,0.828370,-0.007111,-0.000154,-0.062651,-0.108702,-0.012004,-0.024432,-0.160823,-0.044856,-0.036590,-0.028446,-0.205042,0.361901,0.448854,0.176269,-0.295350,0.501110,-0.428721,-0.240398,-0.254441,-0.263462,-0.213690,-0.055378,-0.005691,-0.324216,-0.018267,0.409430,0.534571,0.810397,0.898335,-0.335165,-0.190388,0.001413,0.313078,0.161914,0.053821,-0.016385,-0.055147,-0.085724,-0.018005,-0.016355,-0.014805,-0.053533,0.013868,-0.006794,-0.000008,-0.002734,-0.204277,0.314788,-0.240151,-0.101041,-0.149412,0.239542,0.086116,0.126403,-0.009262,-0.015341,-0.009250,-0.010373,0.000978,-0.003516,-0.006401,-0.004414,-0.006218,-0.001173,-0.011440,-0.012891,-0.004823,-0.008949,-0.003802,-0.009368,-0.004108,-0.008896
0.811880,0.725436,0.710603,0.826200,0.887523,1.000000,0.607746,0.764842,-0.000022,-0.003704,-0.071820,-0.114397,-0.006083,-0.032535,-0.141967,-0.049387,-0.040710,-0.034644,-0.205683,0.349862,0.376629,0.156695,-0.272602,0.427618,-0.396639,-0.195199,-0.218815,-0.229424,-0.198234,-0.057309,-0.023615,-0.308313,-0.034235,0.400038,0.448580,0.686184,0.811778,-0.318414,-0.186586,-0.033516,0.239471,0.104724,0.015125,-0.040328,-0.068877,-0.094047,-0.044518,-0.040940,-0.037002,-0.050621,-0.013419,-0.021917,-0.016323,-0.018684,-0.175279,0.258256,-0.228563,-0.089198,-0.116977,0.191154,0.064938,0.098547,-0.023228,-0.018363,-0.012859,-0.016334,-0.003470,-0.007066,-0.009369,-0.007346,-0.007189,-0.004100,-0.012401,-0.013058,-0.003774,-0.006560,-0.004147,-0.008988,-0.004702,-0.008332
0.442949,0.569152,0.809812,0.740185,0.687816,0.607746,1.000000,0.777817,-0.092101,0.111861,0.022764,-0.036306,-0.101074,0.047531,-0.153837,0.025291,0.033011,0.040116,-0.178147,0.421544,0.680635,0.265782,-0.320505,0.576088,-0.454339,-0.395177,-0.272869,-0.265911,-0.200553,-0.023883,0.019659,-0.179018,0.171820,0.256780,0.704603,0.711701,0.589412,-0.056464,0.054021,0.294017,0.538481,0.547140,0.373302,0.256819,0.228368,0.192435,0.321125,0.285481,0.276923,0.014007,0.432337,0.240059,0.221838,0.232345,-0.218510,0.504421,-0.110050,-0.111425,-0.293137,0.348994,0.125808,0.179298,0.206384,0.019334,0.013366,0.030796,0.033021,0.025915,0.023828,0.012854,0.009605,0.044832,0.043087,-0.037325,-0.029991,-0.042763,-0.000579,0.011681,0.005729,0.004735
0.612947,0.775854,0.689267,0.700199,0.828370,0.764842,0.777817,1.000000,-0.085305,0.074226,0.026799,-0.018485,-0.090474,0.042056,-0.102337,0.042528,0.035888,0.037096,-0.117973,0.279814,0.494390,0.092010,-0.202840,0.394618,-0.315004,-0.290163,-0.176249,-0.174133,-0.126474,0.037485,0.148632,-0.119199,0.134958,0.340072,0.437834,0.695861,0.737169,-0.009785,0.113899,0.348715,0.574576,0.413617,0.294597,0.290391,0.207333,0.189293,0.280493,0.246502,0.235280,0.016920,0.295592,0.190923,0.186633,0.193419,-0.144779,0.368255,-0.065336,-0.078176,-0.222839,0.194330,0.075282,0.101806,0.174226,-0.018715,-0.021502,0.037700,0.022392,0.016363,0.016148,0.006752,0.003550,0.032465,0.030568,-0.053733,-0.026198,-0.035213,0.003657,0.012084,0.007306,0.006442
-0.001169,-0.069138,-0.006131,0.003974,-0.007111,-0.000022,-0.092101,-0.085305,1.000000,-0.519962,0.056306,0.217713,0.444719,0.147685,0.474627,0.326287,0.514034,0.294629,0.080100,0.013102,-0.186692,-0.071057,0.143829,-0.076885,0.152047,0.571580,0.297296,0.505981,0.486693,0.308227,-0.002192,0.155865,0.209795,-0.001019,-0.006786,-0.005793,-0.006585,-0.176422,-0.210922,-0.207723,-0.177944,-0.201521,-0.273947,-0.224107,-0.148661,-0.204412,-0.250356,-0.264310,-0.285054,0.025704,-0.164047,-0.374481,-0.327745,-0.398421,0.513094,-0.403934,0.168620,0.291598,0.469444,0.011959,-0.298202,-0.084864,-0.199369,-0.031050,-0.041570,0.043570,-0.072407,-0.046101,-0.040224,-0.044819,-0.024722,-0.059785,-0.055016,0.034343,0.011925,0.025384,0.045499,0.034104,0.079365,0.045632
-0.001328,0.062430,0.017759,0.000491,-0.000154,-0.003704,0.111861,0.074226,-0.519962,1.000000,-0.024241,-0.158161,-0.305665,-0.057968,-0.376048,-0.202933,-0.299058,-0.154501,-0.177897,0.017968,0.301816,0.203946,-0.313999,0.183998,-0.331813,-0.551386,-0.579957,-0.501824,-0.549336,-0.314623,-0.146589,-0.180608,-0.234260,-0.002662,0.052830,-0.002621,0.001282,0.174030,0.195405,0.197996,0.164280,0.221423,0.325282,0.219813,0.152280,0.156838,0.256682,0.285018,0.296040,-0.012964,0.179433,0.417796,0.295210,0.344351,-0.572239,0.552432,-0.161224,-0.233314,-0.426522,0.032014,0.357153,0.215775,0.205273,0.042851,0.050260,-0.035919,0.064505,0.046098,0.041324,0.047555,0.039768,0.062207,0.053989,-0.007412,-0.011425,0.000338,-0.050446,0.002263,-0.018907,-0.000616
-0.053409,0.021435,-0.080750,-0.093738,-0.062651,-0.071820,0.022764,0.026799,0.056306,-0.024241,1.000000,0.610900,0.156738,0.518099,0.295286,0.430418,0.314190,0.389846,0.320679,-0.189505,0.000302,-0.154578,0.180730,-0.123838,0.190761,0.096113,0.167346,0.255138,0.247103,0.244067,0.264649,0.321208,0.332428,-0.032451,-0.086270,-0.065924,-0.051878,0.207138,0.236293,0.237539,0.191668,0.240182,0.289123,0.265571,0.285631,0.267772,0.300241,0.327175,0.331345,0.070347,0.199452,0.191473,0.094125,0.161749,0.191179,-0.028468,0.378941,0.378713,0.154705,0.042309,0.093383,0.069525,0.231777,0.018831,0.011942,0.010771,-0.046658,-0.009877,-0.005832,0.049418,0.059125,-0.015482,0.001573,0.012180,0.005391,0.012926,0.003459,0.015869,0.006138,0.008680
-0.086392,-0.013885,-0.144716,-0.150728,-0.108702,-0.114397,-0.036306,-0.018485,0.217713,-0.158161,0.610900,1.000000,0.327309,0.383879,0.554272,0.498550,0.532054,0.520452,0.535262,-0.316331,-0.093957,-0.256488,0.308336,-0.233457,0.325781,0.310994,0.323737,0.483125,0.430590,0.391455,0.354731,0.471204,0.472904,-0.051662,-0.159294,-0.117636,-0.091039,0.202348,0.224055,0.217071,0.165415,0.213635,0.260161,0.239209,0.267736,0.249610,0.269039,0.294194,0.297603,0.102512,0.186973,0.149812,0.067076,0.084544,0.366077,-0.155220,0.472475,0.339578,0.255255,0.016340,0.018498,0.023389,0.211061,0.023003,0.015429,0.039544,-0.031570,-0.006157,0.000867,0.010092,0.038190,0.016527,0.015315,0.000888,-0.034998,-0.008633,0.023384,0.062340,0.039300,0.058324
-0.005240,-0.071467,-0.013229,-0.004394,-0.012004,-0.006083,-0.101074,-0.090474,0.444719,-0.305665,0.156738,0.327309,1.000000,0.363313,0.647219,0.422385,0.496006,0.603084,0.044683,0.009519,-0.154086,-0.043930,0.084659,-0.055731,0.079197,0.501340,0.162320,0.371934,0.233654,0.254879,-0.037480,0.083420,0.141730,-0.002227,-0.015510,-0.011671,-0.010560,-0.171321,-0.205029,-0.206930,-0.180377,-0.207406,-0.255538,-0.218655,-0.203657,-0.222767,-0.245726,-0.258460,-0.252676,0.047054,-0.168860,-0.268563,-0.415456,-0.411281,0.268702,-0.264019,0.215808,0.478368,0.574017,0.020362,-0.089739,-0.014199,-0.189716,-0.035662,-0.021277,0.060335,-0.094871,-0.047736,-0.033776,-0.027634,0.020060,-0.053568,-0.058212,0.079939,0.031349,0.085124,0.023439,0.089418,0.046793,0.080455
-0.024226,0.032394,-0.030601,-0.042570,-0.024432,-0.032535,0.047531,0.042056,0.147685,-0.057968,0.518099,0.383879,0.363313,1.000000,0.461020,0.691703,0.533615,0.740698,0.130208,-0.057273,0.035266,-0.113394,0.134342,-0.069351,0.164773,0.171762,0.155597,0.326697,0.268652,0.359996,0.247397,0.374228,0.426235,-0.011130,-0.034537,-0.022881,-0.019544,0.157138,0.187769,0.183562,0.148261,0.186714,0.224139,0.215146,0.281369,0.236926,0.247520,0.281628,0.293800,0.237401,0.173386,0.202888,-0.007443,0.146209,0.235325,-0.027324,0.537669,0.700951,0.363617,0.055282,0.035866,0.062037,0.193085,0.066855,0.068635,0.181339,0.025680,0.079509,0.077487,0.165941,0.188880,0.063973,0.059064,0.091966,0.073731,0.098315,0.010166,0.078583,0.021285,0.040738
-0.095809,-0.069651,-0.228572,-0.204094,-0.160823,-0.141967,-0.153837,-0.102337,0.474627,-0.376048,0.295286,0.554272,0.647219,0.461020,1.000000,0.676049,0.785234,0.713189,0.316601,-0.193040,-0.278559,-0.373085,0.452201,-0.393383,0.490345,0.679581,0.546474,0.833748,0.641045,0.586603,0.423514,0.640757,0.611661,-0.057591,-0.259869,-0.181364,-0.132334,0.150671,0.169810,0.088546,0.006984,0.015008,0.010989,0.107337,0.219232,0.200180,0.115409,0.112544,0.102684,0.221919,0.091245,0.021677,-0.116631,-0.105713,0.644294,-0.406198,0.647185,0.571403,0.573190,-0.087993,-0.252072,-0.167157,0.077546,0.041824,0.037776,0.168754,-0.022998,0.027439,0.038297,0.034299,0.085532,0.038063,0.039745,0.047448,0.005446,0.042877,0.039804,0.111327,0.069098,0.103893
-0.030196,0.038674,-0.082596,-0.084819,-0.044856,-0.049387,0.025291,0.042528,0.326287,-0.202933,0.430418,0.498550,0.422385,0.691703,0.676049,1.000000,0.755001,0.771371,0.261634,-0.124441,-0.052527,-0.279073,0.320958,-0.214734,0.379062,0.385521,0.369936,0.600195,0.529830,0.610511,0.439380,0.594033,0.624943,-0.017565,-0.113546,-0.057645,-0.034699,0.202543,0.250026,0.222268,0.170324,0.203535,0.224961,0.251771,0.372184,0.323335,0.288682,0.308517,0.307623,0.233268,0.220016,0.250511,0.061170,0.136202,0.481293,-0.172675,0.691639,0.625872,0.425183,0.000274,-0.137330,-0.057051,0.217993,0.069490,0.058036,0.170756,0.016884,0.062568,0.066110,0.095033,0.123216,0.076320,0.072569,0.042325,0.009017,0.032042,0.032235,0.107833,0.061422,0.082447
-0.028608,0.027844,-0.058166,-0.062732,-0.036590,-0.040710,0.033011,0.035888,0.514034,-0.299058,0.314190,0.532054,0.496006,0.533615,0.785234,0.755001,1.000000,0.795133,0.240668,-0.096167,-0.034598,-0.235109,0.286588,-0.170910,0.353749,0.520790,0.390602,0.704443,0.610393,0.614791,0.396120,0.613002,0.680520,-0.016225,-0.077692,-0.041828,-0.029317,0.161567,0.195777,0.181067,0.141944,0.177884,0.199056,0.207040,0.350182,0.271319,0.239030,0.270314,0.251729,0.228465,0.189878,0.167263,0.001726,0.013198,0.560945,-0.212145,0.628308,0.473702,0.430251,0.020288,-0.208450,-0.049657,0.187606,0.089798,0.070714,0.169203,0.017965,0.063771,0.066061,0.071856,0.110790,0.075536,0.073344,0.040927,-0.011424,0.016856,0.051706,0.112566,0.094438,0.117960
-0.025487,0.028126,-0.039688,-0.048072,-0.028446,-0.034644,0.040116,0.037096,0.294629,-0.154501,0.389846,0.520452,0.603084,0.740698,0.713189,0.771371,0.795133,1.000000,0.171273,-0.069215,0.010331,-0.157269,0.190600,-0.106556,0.234530,0.350605,0.246194,0.508237,0.396780,0.507262,0.298394,0.488541,0.558281,-0.012503,-0.049533,-0.029292,-0.022911,0.149350,0.178945,0.171269,0.136599,0.173001,0.204265,0.200047,0.290979,0.234473,0.230590,0.264998,0.278147,0.234556,0.173244,0.190767,-0.044427,0.074608,0.361792,-0.093433,0.611925,0.595150,0.452215,0.042520,-0.054112,0.020858,0.180702,0.079407,0.086919,0.178333,0.011622,0.070121,0.072005,0.101073,0.152878,0.074571,0.062579,0.078025,0.015308,0.069562,0.032161,0.139605,0.061092,0.098907
-0.152732,-0.087202,-0.286785,-0.280304,-0.205042,-0.205683,-0.178147,-0.117973,0.080100,-0.177897,0.320679,0.535262,0.044683,0.130208,0.316601,0.261634,0.240668,0.171273,1.000000,-0.580113,-0.361041,-0.491999,0.619301,-0.491635,0.540049,0.313344,0.487990,0.462767,0.460774,0.326917,0.476169,0.472314,0.387781,-0.090712,-0.325482,-0.231465,-0.171615,0.198955,0.214259,0.183269,0.114925,0.153361,0.165601,0.192198,0.200358,0.229834,0.213788,0.192617,0.174299,0.072664,0.136195,0.066607,0.078071,0.078722,0.395886,-0.342056,0.391286,0.181959,0.183624,-0.074141,-0.074490,-0.125447,0.142581,-0.006757,-0.018212,0.029568,-0.011822,-0.009052,0.004083,-0.005015,-0.005315,0.011015,0.026202,-0.041957,-0.021626,-0.029801,-0.017122,0.007585,-0.010686,0.000758
0.254068,0.201542,0.522542,0.493905,0.361901,0.349862,0.421544,0.279814,0.013102,0.017968,-0.189505,-0.316331,0.009519,-0.057273,-0.193040,-0.124441,-0.096167,-0.069215,-0.580113,1.000000,0.379218,0.377481,-0.375914,0.500675,-0.466425,-0.227042,-0.300801,-0.307304,-0.281636,-0.187098,-0.295517,-0.364868,-0.076849,0.153661,0.604249,0.417541,0.301201,-0.202535,-0.205100,-0.132247,-0.028842,-0.041222,-0.083051,-0.136085,-0.119725,-0.136910,-0.136899,-0.109310,-0.099322,-0.045246,-0.047289,-0.057996,-0.050619,-0.055692,-0.240300,0.280011,-0.283558,-0.111950,-0.127844,0.175127,0.049906,0.080721,-0.078190,0.011576,0.017955,-0.013282,0.007303,0.007489,0.002149,0.004044,0.005162,-0.004758,-0.014390,0.017420,0.010115,0.009740,-0.016539,-0.017968,-0.016062,-0.018682
0.260121,0.352808,0.602416,0.520033,0.448854,0.376629,0.680635,0.494390,-0.186692,0.301816,0.000302,-0.093957,-0.154086,0.035266,-0.278559,-0.052527,-0.034598,0.010331,-0.361041,0.379218,1.000000,0.599616,-0.658082,0.787833,-0.650647,-0.607305,-0.535777,-0.476084,-0.399733,-0.189821,-0.247138,-0.295184,-0.045936,0.158548,0.640381,0.497711,0.377487,-0.015767,0.011350,0.226323,0.393041,0.449819,0.493289,0.222554,0.211442,0.114674,0.268405,0.312201,0.316381,-0.005443,0.251308,0.370409,0.268392,0.300672,-0.411517,0.770306,-0.208292,-0.181393,-0.425525,0.362810,0.257010,0.392292,0.233917,0.064561,0.059018,-0.004519,0.048561,0.038901,0.030118,0.020191,0.018353,0.064703,0.058373,-0.000228,-0.033646,-0.045724,0.032720,0.027554,0.029891,0.025084
0.069218,0.024086,0.370384,0.345861,0.176269,0.156695,0.265782,0.092010,-0.071057,0.203946,-0.154578,-0.256488,-0.043930,-0.113394,-0.373085,-0.279073,-0.235109,-0.157269,-0.491999,0.377481,0.599616,1.000000,-0.770998,0.765880,-0.770974,-0.440969,-0.628936,-0.584055,-0.548185,-0.450279,-0.647442,-0.582815,-0.409868,0.043532,0.531831,0.262133,0.130642,-0.237702,-0.321606,-0.157189,-0.030462,0.015712,0.027132,-0.167885,-0.221038,-0.318981,-0.177366,-0.124309,-0.109255,-0.131633,-0.139228,-0.025961,-0.041171,-0.038450,-0.491334,0.521978,-0.470210,-0.220342,-0.265987,0.304300,0.258435,0.389990,-0.097584,0.001533,0.020342,-0.086629,-0.018308,-0.031918,-0.048605,-0.026324,-0.028872,-0.027913,-0.068749,0.040587,-0.001997,0.011496,0.013488,-0.014004,0.003370,-0.004325
-0.180880,-0.134509,-0.438038,-0.407493,-0.295350,-0.272602,-0.320505,-0.202840,0.143829,-0.313999,0.180730,0.308336,0.084659,0.134342,0.452201,0.320958,0.286588,0.190600,0.619301,-0.375914,-0.658082,-0.770998,1.000000,-0.796620,0.845234,0.529333,0.767436,0.695255,0.676051,0.450167,0.662708,0.652131,0.489059,-0.103576,-0.510419,-0.345488,-0.242810,0.270467,0.321339,0.145776,-0.013453,-0.016334,-0.070216,0.163235,0.254096,0.390891,0.178592,0.132757,0.112020,0.152323,0.114943,-0.015822,0.028797,0.020708,0.602044,-0.611223,0.532708,0.267937,0.330654,-0.275058,-0.313666,-0.486893,0.098656,0.008845,-0.012310,0.101891,0.012753,0.027776,0.050401,0.023369,0.024492,0.024861,0.069101,-0.041025,-0.000891,-0.015641,-0.017070,0.006304,-0.019149,-0.006413
0.283241,0.268862,0.717857,0.623775,0.501110,0.427618,0.576088,0.394618,-0.076885,0.183998,-0.123838,-0.233457,-0.055731,-0.069351,-0.393383,-0.214734,-0.170910,-0.106556,-0.491635,0.500675,0.787833,0.765880,-0.796620,1.000000,-0.847893,-0.522525,-0.679951,-0.639267,-0.547029,-0.331478,-0.538395,-0.606769,-0.288729,0.173658,0.791544,0.578128,0.414212,-0.309409,-0.334171,-0.077366,0.155289,0.170283,0.138474,-0.096264,-0.157336,-0.261944,-0.091452,-0.045494,-0.035587,-0.126525,-0.021896,0.028576,0.005457,0.007479,-0.531861,0.632234,-0.475510,-0.233481,-0.328018,0.420660,0.286702,0.432582,-0.034576,0.001747,0.016800,-0.073851,-0.000903,-0.013058,-0.029519,-0.011042,-0.014649,-0.009839,-0.045555,0.023411,-0.004385,-0.001036,0.014381,-0.012355,0.003614,-0.006102
-0.266088,-0.215978,-0.598994,-0.568991,-0.428721,-0.396639,-0.454339,-0.315004,0.152047,-0.331813,0.190761,0.325781,0.079197,0.164773,0.490345,0.379062,0.353749,0.234530,0.540049,-0.466425,-0.650647,-0.770974,0.845234,-0.847893,1.000000,0.558396,0.796978,0.751771,0.729758,0.499475,0.666955,0.744006,0.473218,-0.151710,-0.650840,-0.487250,-0.355973,0.344418,0.381429,0.155377,-0.060228,-0.053759,-0.026587,0.178902,0.291610,0.368715,0.191636,0.156254,0.136004,0.166407,0.098842,0.060005,0.044726,0.048357,0.665115,-0.623144,0.598350,0.287717,0.343762,-0.349400,-0.345170,-0.423209,0.118594,0.029834,0.000981,0.104421,0.019977,0.038021,0.049300,0.029815,0.033773,0.038134,0.076185,-0.027808,-0.000826,-0.017417,0.011569,0.026073,0.009884,0.015697
-0.132761,-0.209373,-0.337764,-0.278435,-0.240398,-0.195199,-0.395177,-0.290163,0.571580,-0.551386,0.096113,0.310994,0.501340,0.171762,0.679581,0.385521,0.520790,0.350605,0.313344,-0.227042,-0.607305,-0.440969,0.529333,-0.522525,0.558396,1.000000,0.618711,0.742571,0.633856,0.462045,0.272408,0.377994,0.286008,-0.082617,-0.376636,-0.272680,-0.200141,-0.067208,-0.088896,-0.207891,-0.282397,-0.326925,-0.384901,-0.213500,-0.144465,-0.113613,-0.247014,-0.292030,-0.329586,0.063133,-0.187932,-0.347731,-0.416165,-0.507931,0.661725,-0.770648,0.343379,0.381685,0.712352,-0.195194,-0.362648,-0.300168,-0.196235,-0.035229,-0.056985,0.052887,-0.074982,-0.038607,-0.021925,-0.016066,0.008743,-0.073350,-0.031744,0.032466,0.033240,0.042667,0.030401,0.038047,0.044951,0.054596
-0.145507,-0.118933,-0.375625,-0.325431,-0.254441,-0.218815,-0.272869,-0.176249,0.297296,-0.579957,0.167346,0.323737,0.162320,0.155597,0.546474,0.369936,0.390602,0.246194,0.487990,-0.300801,-0.535777,-0.628936,0.767436,-0.679951,0.796978,0.618711,1.000000,0.808839,0.769080,0.510748,0.639047,0.652254,0.529870,-0.088047,-0.436493,-0.295072,-0.208619,0.205315,0.237117,0.097324,-0.028007,-0.033167,-0.077771,0.112153,0.229459,0.288488,0.117920,0.079084,0.059316,0.164731,0.082567,-0.082017,-0.020655,-0.041250,0.761943,-0.671875,0.544092,0.318183,0.405095,-0.222348,-0.402205,-0.414106,0.065239,0.016415,-0.009335,0.116322,0.000202,0.021732,0.036049,0.013590,0.022735,0.018497,0.054378,-0.023207,-0.003205,-0.021876,0.040840,0.027324,0.006053,0.015714
-0.153607,-0.117411,-0.379899,-0.335576,-0.263462,-0.229424,-0.265911,-0.174133,0.505981,-0.501824,0.255138,0.483125,0.371934,0.326697,0.833748,0.600195,0.704443,0.508237,0.462767,-0.307304,-0.476084,-0.584055,0.695255,-0.639267,0.751771,0.742571,0.808839,1.000000,0.853348,0.645671,0.607254,0.786899,0.665116,-0.093996,-0.432351,-0.301642,-0.216762,0.234444,0.266237,0.126300,-0.007157,-0.002554,-0.015184,0.147672,0.293043,0.302046,0.157534,0.139124,0.113299,0.223754,0.113135,-0.015851,-0.042290,-0.066197,0.850475,-0.613122,0.697831,0.476034,0.528159,-0.197443,-0.397616,-0.326909,0.097955,0.041858,0.019084,0.161923,-0.005315,0.032140,0.043089,0.028826,0.059758,0.037914,0.057892,0.007737,-0.004815,0.003121,0.042961,0.075770,0.062700,0.075307
-0.132977,-0.084185,-0.310229,-0.291417,-0.213690,-0.198234,-0.200553,-0.126474,0.486693,-0.549336,0.247103,0.430590,0.233654,0.268652,0.641045,0.529830,0.610393,0.396780,0.460774,-0.281636,-0.399733,-0.548185,0.676051,-0.547029,0.729758,0.633856,0.769080,0.853348,1.000000,0.596468,0.602916,0.717013,0.640457,-0.078168,-0.356725,-0.246037,-0.176817,0.236576,0.276262,0.159822,0.040022,0.054889,0.048139,0.181909,0.369567,0.339576,0.202586,0.193280,0.161425,0.197700,0.144322,-0.012046,0.010930,-0.020002,0.886371,-0.594153,0.626735,0.374888,0.422419,-0.162262,-0.445446,-0.303726,0.136779,0.053392,0.014769,0.138008,0.012670,0.044554,0.048050,0.033974,0.045579,0.039140,0.069947,-0.011776,-0.010179,-0.024080,0.048570,0.047797,0.065131,0.041409
-0.028517,0.035322,-0.137859,-0.132697,-0.055378,-0.057309,-0.023883,0.037485,0.308227,-0.314623,0.244067,0.391455,0.254879,0.359996,0.586603,0.610511,0.614791,0.507262,0.326917,-0.187098,-0.189821,-0.450279,0.450167,-0.331478,0.499475,0.462045,0.510748,0.645671,0.596468,1.000000,0.495963,0.612616,0.563075,-0.015712,-0.217020,-0.084548,-0.039294,0.192909,0.252886,0.206545,0.141335,0.137595,0.134064,0.217821,0.309247,0.301448,0.237537,0.215576,0.200974,0.181669,0.252598,0.165801,0.049537,0.099182,0.551868,-0.319916,0.571838,0.366831,0.360365,-0.087228,-0.238129,-0.178556,0.169712,0.044633,0.019562,0.126870,0.027422,0.056740,0.062401,0.058152,0.081919,0.067472,0.088193,-0.012050,-0.007023,-0.009728,0.036912,0.069977,0.051327,0.062315
-0.020241,0.108194,-0.164222,-0.135515,-0.005691,-0.023615,0.019659,0.148632,-0.002192,-0.146589,0.264649,0.354731,-0.037480,0.247397,0.423514,0.439380,0.396120,0.298394,0.476169,-0.295517,-0.247138,-0.647442,0.662708,-0.538395,0.666955,0.272408,0.639047,0.607254,0.602916,0.495963,1.000000,0.734638,0.673019,-0.009829,-0.333548,0.002584,-0.006129,0.324932,0.512136,0.396451,0.349746,0.316875,0.324874,0.429423,0.559270,0.608591,0.499971,0.475816,0.441572,0.232308,0.345413,0.343026,0.285555,0.311105,0.521115,-0.273737,0.628768,0.247730,0.126942,-0.149247,-0.221812,-0.275851,0.349461,0.089422,0.051184,0.155700,0.074008,0.092463,0.099829,0.086819,0.093900,0.103227,0.140977,-0.030623,-0.014806,-0.040568,0.017291,0.051892,0.022089,0.034589
-0.218736,-0.086202,-0.426941,-0.418522,-0.324216,-0.308313,-0.179018,-0.119199,0.155865,-0.180608,0.321208,0.471204,0.083420,0.374228,0.640757,0.594033,0.613002,0.488541,0.472314,-0.364868,-0.295184,-0.582815,0.652131,-0.606769,0.744006,0.377994,0.652254,0.786899,0.717013,0.612616,0.734638,1.000000,0.780614,-0.124077,-0.449631,-0.350126,-0.272065,0.501288,0.564618,0.413136,0.214510,0.276844,0.331373,0.452492,0.604057,0.612810,0.504271,0.500474,0.477291,0.277282,0.365998,0.347233,0.295114,0.352119,0.632119,-0.320228,0.838269,0.371124,0.231730,-0.190328,-0.262562,-0.252259,0.355571,0.100765,0.076945,0.183272,0.070769,0.092838,0.095359,0.103045,0.122752,0.121636,0.129405,-0.012506,-0.022537,-0.023771,0.032937,0.081455,0.050439,0.066684
-0.027038,0.099166,-0.014236,-0.040632,-0.018267,-0.034235,0.171820,0.134958,0.209795,-0.234260,0.332428,0.472904,0.141730,0.426235,0.611661,0.624943,0.680520,0.558281,0.387781,-0.076849,-0.045936,-0.409868,0.489059,-0.288729,0.473218,0.286008,0.529870,0.665116,0.640457,0.563075,0.673019,0.780614,1.000000,-0.014157,-0.007614,-0.013258,-0.016146,0.330216,0.387354,0.395298,0.338956,0.427850,0.402160,0.438202,0.610814,0.580043,0.505633,0.538139,0.514351,0.277117,0.384634,0.330603,0.305686,0.340909,0.551999,-0.169869,0.727318,0.361427,0.182897,0.051143,-0.204572,-0.150675,0.374520,0.123115,0.104241,0.198552,0.081315,0.104306,0.103047,0.114511,0.135676,0.135503,0.127026,0.002389,-0.023788,-0.020278,0.026498,0.083081,0.047467,0.065030
0.375950,0.400596,0.295973,0.326802,0.409430,0.400038,0.256780,0.340072,-0.001019,-0.002662,-0.032451,-0.051662,-0.002227,-0.011130,-0.057591,-0.017565,-0.016225,-0.012503,-0.090712,0.153661,0.158548,0.043532,-0.103576,0.173658,-0.151710,-0.082617,-0.088047,-0.093996,-0.078168,-0.015712,-0.009829,-0.124077,-0.014157,1.000000,0.178042,0.264514,0.386952,-0.107547,-0.062253,-0.009155,0.089306,0.036110,0.001927,-0.011503,-0.026806,-0.033182,-0.015725,-0.017528,-0.016402,-0.017416,-0.008676,-0.011343,-0.007001,-0.007857,-0.072310,0.108521,-0.092125,-0.035185,-0.051992,0.051923,0.016419,0.025599,-0.011904,-0.004480,-0.002665,0.001690,0.002469,0.000480,-0.000474,0.000620,0.000469,0.000289,-0.003409,-0.001688,0.001891,-0.000256,-0.001270,-0.004991,-0.000847,-0.003138
0.287663,0.286879,0.828381,0.705952,0.534571,0.448580,0.704603,0.437834,-0.006786,0.052830,-0.086270,-0.159294,-0.015510,-0.034537,-0.259869,-0.113546,-0.077692,-0.049533,-0.325482,0.604249,0.640381,0.531831,-0.510419,0.791544,-0.650840,-0.376636,-0.436493,-0.432351,-0.356725,-0.217020,-0.333548,-0.449631,-0.007614,0.178042,1.000000,0.639718,0.435448,-0.304261,-0.351846,-0.041968,0.209283,0.275375,0.105006,-0.062537,-0.091013,-0.153916,-0.042042,-0.018499,-0.014462,-0.083760,0.044468,0.010764,0.007653,0.005397,-0.343579,0.474677,-0.343221,-0.157509,-0.234106,0.499753,0.179539,0.268947,-0.011537,0.007972,0.016357,-0.035970,0.000623,-0.006716,-0.014650,-0.005395,-0.007556,-0.003792,-0.025232,0.008476,-0.005563,-0.009130,-0.011959,-0.015602,-0.010474,-0.015446
0.429142,0.445559,0.883064,0.815705,0.810397,0.686184,0.711701,0.695861,-0.005793,-0.002621,-0.065924,-0.117636,-0.011671,-0.022881,-0.181364,-0.057645,-0.041828,-0.029292,-0.231465,0.417541,0.497711,0.262133,-0.345488,0.578128,-0.487250,-0.272680,-0.295072,-0.301642,-0.246037,-0.084548,0.002584,-0.350126,-0.013258,0.264514,0.639718,1.000000,0.652975,-0.401040,-0.226474,0.002456,0.370165,0.194243,0.069442,-0.033180,-0.060889,-0.099759,-0.020304,-0.014097,-0.011814,-0.060309,0.034456,-0.002539,0.002642,-0.000196,-0.234843,0.354001,-0.261322,-0.112420,-0.168319,0.310534,0.109941,0.163250,-0.007068,-0.002382,0.003282,-0.014996,0.000116,-0.004925,-0.008602,-0.004155,-0.006215,-0.002798,-0.014800,-0.002533,-0.006336,-0.010048,-0.005173,-0.010827,-0.005081,-0.009654
0.639947,0.676159,0.692889,0.722189,0.898335,0.811778,0.589412,0.737169,-0.006585,0.001282,-0.051878,-0.091039,-0.010560,-0.019544,-0.132334,-0.034699,-0.029317,-0.022911,-0.171615,0.301201,0.377487,0.130642,-0.242810,0.414212,-0.355973,-0.200141,-0.208619,-0.216762,-0.176817,-0.039294,-0.006129,-0.272065,-0.016146,0.386952,0.435448,0.652975,1.000000,-0.273056,-0.153359,0.004095,0.263213,0.134393,0.044115,-0.003152,-0.042637,-0.067492,-0.012977,-0.011952,-0.010619,-0.045243,0.007985,-0.005602,0.000719,-0.001823,-0.168611,0.263662,-0.200711,-0.083134,-0.124179,0.189433,0.066869,0.098188,-0.005940,-0.012860,-0.008505,-0.009101,-0.000291,-0.004139,-0.005753,-0.003720,-0.005823,-0.001690,-0.008784,-0.011803,-0.005175,-0.008330,-0.003357,-0.007657,-0.003181,-0.007030
-0.194530,0.039309,-0.379549,-0.394823,-0.335165,-0.318414,-0.056464,-0.009785,-0.176422,0.174030,0.207138,0.202348,-0.171321,0.157138,0.150671,0.202543,0.161567,0.149350,0.198955,-0.202535,-0.015767,-0.237702,0.270467,-0.309409,0.344418,-0.067208,0.205315,0.234444,0.236576,0.192909,0.324932,0.501288,0.330216,-0.107547,-0.304261,-0.401040,-0.273056,1.000000,0.791932,0.808806,0.433684,0.480872,0.508740,0.691137,0.596411,0.642131,0.667742,0.588829,0.556197,0.163868,0.471011,0.422316,0.402316,0.423394,0.157568,0.050233,0.423426,0.067605,-0.134490,-0.157989,-0.033510,-0.075118,0.396420,-0.023143,-0.037312,0.122788,0.045418,0.042944,0.048319,0.030989,0.025591,0.068886,0.082508,-0.092651,-0.043237,-0.049654,0.018656,0.046499,0.025761,0.033255
-0.110873,0.112402,-0.295314,-0.299480,-0.190388,-0.186586,0.054021,0.113899,-0.210922,0.195405,0.236293,0.224055,-0.205029,0.187769,0.169810,0.250026,0.195777,0.178945,0.214259,-0.205100,0.011350,-0.321606,0.321339,-0.334171,0.381429,-0.088896,0.237117,0.266237,0.276262,0.252886,0.512136,0.564618,0.387354,-0.062253,-0.351846,-0.226474,-0.153359,0.791932,1.000000,0.754729,0.495189,0.573952,0.599620,0.718197,0.722120,0.791213,0.810079,0.696447,0.661927,0.195277,0.592632,0.495448,0.474196,0.498915,0.179227,0.074504,0.483400,0.074881,-0.164023,-0.226522,-0.059249,-0.119025,0.475801,0.017843,-0.005470,0.141169,0.068491,0.069007,0.078472,0.052667,0.047356,0.096228,0.124241,-0.090079,-0.047561,-0.059817,0.021481,0.053044,0.029772,0.038556
-0.021907,0.267596,-0.019632,-0.054426,0.001413,-0.033516,0.294017,0.348715,-0.207723,0.197996,0.237539,0.217071,-0.206930,0.183562,0.088546,0.222268,0.181067,0.171269,0.183269,-0.132247,0.226323,-0.157189,0.145776,-0.077366,0.155377,-0.207891,0.097324,0.126300,0.159822,0.206545,0.396451,0.413136,0.395298,-0.009155,-0.041968,0.002456,0.004095,0.808806,0.754729,1.000000,0.836641,0.750900,0.678563,0.818393,0.677124,0.698123,0.797596,0.700150,0.668571,0.165298,0.618572,0.506222,0.482289,0.506007,0.070606,0.230338,0.370320,0.024018,-0.239729,0.022386,0.034088,0.020146,0.478104,-0.026737,-0.043537,0.132525,0.065289,0.063819,0.070900,0.045215,0.039001,0.093302,0.111208,-0.122908,-0.053358,-0.064810,0.019256,0.048439,0.027272,0.034007
0.144442,0.404349,0.313871,0.272087,0.313078,0.239471,0.538481,0.574576,-0.177944,0.164280,0.191668,0.165415,-0.180377,0.148261,0.006984,0.170324,0.141944,0.136599,0.114925,-0.028842,0.393041,-0.030462,-0.013453,0.155289,-0.060228,-0.282397,-0.028007,-0.007157,0.040022,0.141335,0.349746,0.214510,0.338956,0.089306,0.209283,0.370165,0.263213,0.433684,0.495189,0.836641,1.000000,0.779441,0.626959,0.670373,0.542091,0.533206,0.665949,0.593707,0.565650,0.116179,0.517340,0.431448,0.414363,0.432499,-0.028583,0.335955,0.212729,-0.023426,-0.271406,0.183278,0.087363,0.103833,0.401274,-0.012638,-0.024230,0.108454,0.050967,0.045775,0.048057,0.026111,0.019364,0.076225,0.080242,-0.094368,-0.052295,-0.063353,0.014671,0.037729,0.021889,0.025971
0.058183,0.293221,0.239286,0.166069,0.161914,0.104724,0.547140,0.413617,-0.201521,0.221423,0.240182,0.213635,-0.207406,0.186714,0.015008,0.203535,0.177884,0.173001,0.153361,-0.041222,0.449819,0.015712,-0.016334,0.170283,-0.053759,-0.326925,-0.033167,-0.002554,0.054889,0.137595,0.316875,0.276844,0.427850,0.036110,0.275375,0.194243,0.134393,0.480872,0.573952,0.750900,0.779441,1.000000,0.789002,0.692096,0.651795,0.634990,0.807890,0.716284,0.689647,0.152016,0.640344,0.527595,0.497106,0.521774,-0.029900,0.389270,0.269821,-0.022497,-0.315621,0.274163,0.125156,0.156890,0.487861,0.041791,0.022674,0.123049,0.081943,0.080089,0.084106,0.051498,0.045935,0.111243,0.124028,-0.082474,-0.056282,-0.072306,0.015885,0.045145,0.025442,0.031251
0.002796,0.215589,0.087598,0.033232,0.053821,0.015125,0.373302,0.294597,-0.273947,0.325282,0.289123,0.260161,-0.255538,0.224139,0.010989,0.224961,0.199056,0.204265,0.165601,-0.083051,0.493289,0.027132,-0.070216,0.138474,-0.026587,-0.384901,-0.077771,-0.015184,0.048139,0.134064,0.324874,0.331373,0.402160,0.001927,0.105006,0.069442,0.044115,0.508740,0.599620,0.678563,0.626959,0.789002,1.000000,0.698993,0.756070,0.709364,0.807094,0.840590,0.829099,0.190796,0.590564,0.641136,0.581905,0.616732,-0.056203,0.455640,0.319152,-0.027988,-0.369496,0.162008,0.198871,0.266960,0.580211,0.128684,0.099984,0.114483,0.126670,0.131262,0.139988,0.090982,0.089340,0.162257,0.190467,-0.051520,-0.056240,-0.076321,0.022421,0.057776,0.036539,0.044049
-0.024097,0.281041,-0.046206,-0.072168,-0.016385,-0.040328,0.256819,0.290391,-0.224107,0.219813,0.265571,0.239209,-0.218655,0.215146,0.107337,0.251771,0.207040,0.200047,0.192198,-0.136085,0.222554,-0.167885,0.163235,-0.096264,0.178902,-0.213500,0.112153,0.147672,0.181909,0.217821,0.429423,0.452492,0.438202,-0.011503,-0.062537,-0.033180,-0.003152,0.691137,0.718197,0.818393,0.670373,0.692096,0.698993,1.000000,0.725841,0.726156,0.861433,0.788399,0.730191,0.201556,0.613403,0.548581,0.531412,0.551270,0.084264,0.235091,0.413151,0.035207,-0.254044,0.016545,0.041269,0.024654,0.521012,-0.046522,-0.055963,0.141928,0.090389,0.078765,0.078378,0.074079,0.066515,0.106502,0.112892,-0.130443,-0.042452,-0.051674,0.020524,0.053603,0.029107,0.037490
-0.044880,0.164213,-0.080942,-0.105699,-0.055147,-0.068877,0.228368,0.207333,-0.148661,0.152280,0.285631,0.267736,-0.203657,0.281369,0.219232,0.372184,0.350182,0.290979,0.200358,-0.119725,0.211442,-0.221038,0.254096,-0.157336,0.291610,-0.144465,0.229459,0.293043,0.369567,0.309247,0.559270,0.604057,0.610814,-0.026806,-0.091013,-0.060889,-0.042637,0.596411,0.722120,0.677124,0.542091,0.651795,0.756070,0.725841,1.000000,0.896381,0.830735,0.899923,0.877650,0.248617,0.602529,0.612822,0.585024,0.600118,0.237277,0.187384,0.550598,0.093256,-0.219567,-0.018710,-0.137331,-0.074988,0.610365,0.173309,0.122995,0.142386,0.123488,0.138467,0.124607,0.106481,0.105403,0.171184,0.183018,-0.048728,-0.061616,-0.070134,0.028850,0.075184,0.049547,0.059987
-0.058149,0.155237,-0.132021,-0.150548,-0.085724,-0.094047,0.192435,0.189293,-0.204412,0.156838,0.267772,0.249610,-0.222767,0.236926,0.200180,0.323335,0.271319,0.234473,0.229834,-0.136910,0.114674,-0.318981,0.390891,-0.261944,0.368715,-0.113613,0.288488,0.302046,0.339576,0.301448,0.608591,0.612810,0.580043,-0.033182,-0.153916,-0.099759,-0.067492,0.642131,0.791213,0.698123,0.533206,0.634990,0.709364,0.726156,0.896381,1.000000,0.831335,0.824778,0.794123,0.231036,0.611962,0.567166,0.549580,0.573034,0.220140,0.115681,0.539960,0.087431,-0.194236,-0.079479,-0.113272,-0.194966,0.580268,0.108008,0.068092,0.138656,0.102409,0.109501,0.131320,0.085215,0.081735,0.140947,0.196364,-0.071492,-0.055060,-0.082249,0.028729,0.062071,0.036011,0.045154
-0.029550,0.217127,-0.032252,-0.073736,-0.018005,-0.044518,0.321125,0.280493,-0.250356,0.256682,0.300241,0.269039,-0.245726,0.247520,0.115409,0.288682,0.239030,0.230590,0.213788,-0.136899,0.268405,-0.177366,0.178592,-0.091452,0.191636,-0.247014,0.117920,0.157534,0.202586,0.237537,0.499971,0.504271,0.505633,-0.015725,-0.042042,-0.020304,-0.012977,0.667742,0.810079,0.797596,0.665949,0.807890,0.807094,0.861433,0.830735,0.831335,1.000000,0.902086,0.837132,0.230692,0.708815,0.627245,0.599745,0.624431,0.088238,0.274825,0.461981,0.035736,-0.289921,0.033153,0.049383,0.032144,0.598207,0.055908,0.035305,0.154294,0.115965,0.105402,0.105937,0.098407,0.091245,0.135591,0.149796,-0.079451,-0.044725,-0.059586,0.022217,0.059094,0.032490,0.041345
-0.030147,0.191132,-0.019660,-0.057435,-0.016355,-0.040940,0.285481,0.246502,-0.264310,0.285018,0.327175,0.294194,-0.258460,0.281628,0.112544,0.308517,0.270314,0.264998,0.192617,-0.109310,0.312201,-0.124309,0.132757,-0.045494,0.156254,-0.292030,0.079084,0.139124,0.193280,0.215576,0.475816,0.500474,0.538139,-0.017528,-0.018499,-0.014097,-0.011952,0.588829,0.696447,0.700150,0.593707,0.716284,0.840590,0.788399,0.899923,0.824778,0.902086,1.000000,0.934308,0.246156,0.613248,0.658986,0.654878,0.666025,0.064947,0.331893,0.471111,0.025638,-0.336797,0.056869,0.075281,0.072199,0.637629,0.132536,0.111755,0.144389,0.134053,0.123040,0.106639,0.112608,0.104282,0.157347,0.142737,-0.034001,-0.051480,-0.052299,0.016792,0.064095,0.031038,0.045540
-0.028014,0.179906,-0.016448,-0.050997,-0.014805,-0.037002,0.276923,0.235280,-0.285054,0.296040,0.331345,0.297603,-0.252676,0.293800,0.102684,0.307623,0.251729,0.278147,0.174299,-0.099322,0.316381,-0.109255,0.112020,-0.035587,0.136004,-0.329586,0.059316,0.113299,0.161425,0.200974,0.441572,0.477291,0.514351,-0.016402,-0.014462,-0.011814,-0.010619,0.556197,0.661927,0.668571,0.565650,0.689647,0.829099,0.730191,0.877650,0.794123,0.837132,0.934308,1.000000,0.244124,0.591726,0.659762,0.662957,0.680511,0.038718,0.349483,0.457977,0.022604,-0.357032,0.054331,0.092495,0.076217,0.637953,0.169808,0.180534,0.131292,0.158350,0.152697,0.137850,0.131751,0.133959,0.203528,0.175369,-0.036033,-0.064230,-0.052045,0.009832,0.056442,0.016726,0.028842
-0.033595,0.014522,-0.075013,-0.072616,-0.053533,-0.050621,0.014007,0.016920,0.025704,-0.012964,0.070347,0.102512,0.047054,0.237401,0.221919,0.233268,0.228465,0.234556,0.072664,-0.045246,-0.005443,-0.131633,0.152323,-0.126525,0.166407,0.063133,0.164731,0.223754,0.197700,0.181669,0.232308,0.277282,0.277117,-0.017416,-0.083760,-0.060309,-0.045243,0.163868,0.195277,0.165298,0.116179,0.152016,0.190796,0.201556,0.248617,0.231036,0.230692,0.246156,0.244124,1.000000,0.167788,0.187694,0.147030,0.174802,0.182926,-0.025437,0.292418,0.198514,0.057887,0.003617,0.010507,0.004958,0.181356,0.238605,0.249162,0.862356,0.618557,0.576657,0.526958,0.286461,0.286597,0.431927,0.411627,0.211942,0.253614,0.243476,0.013624,0.062062,0.025744,0.040916
-0.013550,0.181761,0.043212,-0.021121,0.013868,-0.013419,0.432337,0.295592,-0.164047,0.179433,0.199452,0.186973,-0.168860,0.173386,0.091245,0.220016,0.189878,0.173244,0.136195,-0.047289,0.251308,-0.139228,0.114943,-0.021896,0.098842,-0.187932,0.082567,0.113135,0.144322,0.252598,0.345413,0.365998,0.384634,-0.008676,0.044468,0.034456,0.007985,0.471011,0.592632,0.618572,0.517340,0.640344,0.590564,0.613403,0.602529,0.611962,0.708815,0.613248,0.591726,0.167788,1.000000,0.496785,0.445323,0.472733,0.064075,0.231647,0.336312,0.024605,-0.215466,0.051134,0.021438,0.017214,0.457851,0.012894,-0.010695,0.099858,0.087370,0.089132,0.097151,0.068053,0.066043,0.113308,0.143923,-0.095724,-0.035023,-0.051826,0.017321,0.055525,0.028539,0.038902
-0.016965,0.143622,-0.001013,-0.026593,-0.006794,-0.021917,0.240059,0.190923,-0.374481,0.417796,0.191473,0.149812,-0.268563,0.202888,0.021677,0.250511,0.167263,0.190767,0.066607,-0.057996,0.370409,-0.025961,-0.015822,0.028576,0.060005,-0.347731,-0.082017,-0.015851,-0.012046,0.165801,0.343026,0.347233,0.330603,-0.011343,0.010764,-0.002539,-0.005602,0.422316,0.495448,0.506222,0.431448,0.527595,0.641136,0.548581,0.612822,0.567166,0.627245,0.658986,0.659762,0.187694,0.496785,1.000000,0.566468,0.740126,-0.110757,0.533393,0.316801,-0.016454,-0.320932,0.046798,0.122136,0.100398,0.519303,0.163184,0.124925,0.091504,0.144446,0.150769,0.131213,0.126212,0.133530,0.192764,0.190810,-0.033981,-0.027954,-0.052824,0.001627,0.071563,0.017825,0.040734
-0.011837,0.143193,0.002875,-0.022986,-0.000008,-0.016323,0.221838,0.186633,-0.327745,0.295210,0.094125,0.067076,-0.415456,-0.007443,-0.116631,0.061170,0.001726,-0.044427,0.078071,-0.050619,0.268392,-0.041171,0.028797,0.005457,0.044726,-0.416165,-0.020655,-0.042290,0.010930,0.049537,0.285555,0.295114,0.305686,-0.007001,0.007653,0.002642,0.000719,0.402316,0.474196,0.482289,0.414363,0.497106,0.581905,0.531412,0.585024,0.549580,0.599745,0.654878,0.662957,0.147030,0.445323,0.566468,1.000000,0.742454,-0.086184,0.359820,0.280379,-0.270481,-0.652892,0.032052,0.081450,0.051918,0.455787,0.125755,0.142556,0.081724,0.175999,0.126946,0.108257,0.126349,0.091405,0.184772,0.133917,-0.047957,-0.051721,-0.061831,0.003424,0.004853,0.000348,-0.002923
-0.014129,0.147854,-0.000388,-0.025349,-0.002734,-0.018684,0.232345,0.193419,-0.398421,0.344351,0.161749,0.084544,-0.411281,0.146209,-0.105713,0.136202,0.013198,0.074608,0.078722,-0.055692,0.300672,-0.038450,0.020708,0.007479,0.048357,-0.507931,-0.041250,-0.066197,-0.020002,0.099182,0.311105,0.352119,0.340909,-0.007857,0.005397,-0.000196,-0.001823,0.423394,0.498915,0.506007,0.432499,0.521774,0.616732,0.551270,0.600118,0.573034,0.624431,0.666025,0.680511,0.174802,0.472733,0.740126,0.742454,1.000000,-0.118462,0.439260,0.297366,-0.090392,-0.443009,0.034224,0.114255,0.065693,0.492142,0.143712,0.150281,0.094561,0.161662,0.138573,0.115830,0.135062,0.131819,0.213981,0.153320,-0.039788,-0.033757,-0.053022,-0.002657,0.039616,-0.006290,-0.000902
-0.117193,-0.098955,-0.297706,-0.257814,-0.204277,-0.175279,-0.218510,-0.144779,0.513094,-0.572239,0.191179,0.366077,0.268702,0.235325,0.644294,0.481293,0.560945,0.361792,0.395886,-0.240300,-0.411517,-0.491334,0.602044,-0.531861,0.665115,0.661725,0.761943,0.850475,0.886371,0.551868,0.521115,0.632119,0.551999,-0.072310,-0.343579,-0.234843,-0.168611,0.157568,0.179227,0.070606,-0.028583,-0.029900,-0.056203,0.084264,0.237277,0.220140,0.088238,0.064947,0.038718,0.182926,0.064075,-0.110757,-0.086184,-0.118462,1.000000,-0.689001,0.607181,0.436897,0.525489,-0.162972,-0.461958,-0.309021,0.050611,0.018372,-0.014360,0.129749,-0.027882,0.004729,0.016015,0.005800,0.024668,-0.000371,0.034269,-0.005245,-0.020401,-0.021807,0.050507,0.049311,0.076367,0.056931
0.176210,0.263839,0.434060,0.363785,0.314788,0.258256,0.504421,0.368255,-0.403934,0.552432,-0.028468,-0.155220,-0.264019,-0.027324,-0.406198,-0.172675,-0.212145,-0.093433,-0.342056,0.280011,0.770306,0.521978,-0.611223,0.632234,-0.623144,-0.770648,-0.671875,-0.613122,-0.594153,-0.319916,-0.273737,-0.320228,-0.169869,0.108521,0.474677,0.354001,0.263662,0.050233,0.074504,0.230338,0.335955,0.389270,0.455640,0.235091,0.187384,0.115681,0.274825,0.331893,0.349483,-0.025437,0.231647,0.533393,0.359820,0.439260,-0.689001,1.000000,-0.292246,-0.300761,-0.599534,0.272915,0.381534,0.383745,0.235161,0.084884,0.086685,-0.019829,0.082414,0.067312,0.044212,0.034918,0.029365,0.098827,0.059600,-0.001191,-0.015807,-0.018111,-0.018835,0.016555,-0.015527,-0.001055
-0.160251,-0.043708,-0.320909,-0.314483,-0.240151,-0.228563,-0.110050,-0.065336,0.168620,-0.161224,0.378941,0.472475,0.215808,0.537669,0.647185,0.691639,0.628308,0.611925,0.391286,-0.283558,-0.208292,-0.470210,0.532708,-0.475510,0.598350,0.343379,0.544092,0.697831,0.626735,0.571838,0.628768,0.838269,0.727318,-0.092125,-0.343221,-0.261322,-0.200711,0.423426,0.483400,0.370320,0.212729,0.269821,0.319152,0.413151,0.550598,0.539960,0.461981,0.471111,0.457977,0.292418,0.336312,0.316801,0.280379,0.297366,0.607181,-0.292246,1.000000,0.592012,0.340930,-0.125890,-0.200361,-0.178566,0.333406,0.088316,0.075576,0.197556,0.042765,0.084962,0.090023,0.119631,0.144522,0.109022,0.114722,0.008245,-0.023428,-0.002396,0.032471,0.103697,0.055762,0.078342
-0.059525,-0.053616,-0.140764,-0.125743,-0.101041,-0.089198,-0.111425,-0.078176,0.291598,-0.233314,0.378713,0.339578,0.478368,0.700951,0.571403,0.625872,0.473702,0.595150,0.181959,-0.111950,-0.181393,-0.220342,0.267937,-0.233481,0.287717,0.381685,0.318183,0.476034,0.374888,0.366831,0.247730,0.371124,0.361427,-0.035185,-0.157509,-0.112420,-0.083134,0.067605,0.074881,0.024018,-0.023426,-0.022497,-0.027988,0.035207,0.093256,0.087431,0.035736,0.025638,0.022604,0.198514,0.024605,-0.016454,-0.270481,-0.090392,0.436897,-0.300761,0.592012,1.000000,0.697048,-0.037014,-0.102644,-0.068863,0.016970,-0.005676,-0.019431,0.157741,-0.089481,-0.008182,0.005265,0.055564,0.096893,-0.023791,-0.001937,0.066372,0.044696,0.072152,0.014928,0.090328,0.030727,0.053233
-0.079392,-0.163210,-0.209047,-0.165490,-0.149412,-0.116977,-0.293137,-0.222839,0.469444,-0.426522,0.154705,0.255255,0.574017,0.363617,0.573190,0.425183,0.430251,0.452215,0.183624,-0.127844,-0.425525,-0.265987,0.330654,-0.328018,0.343762,0.712352,0.405095,0.528159,0.422419,0.360365,0.126942,0.231730,0.182897,-0.051992,-0.234106,-0.168319,-0.124179,-0.134490,-0.164023,-0.239729,-0.271406,-0.315621,-0.369496,-0.254044,-0.219567,-0.194236,-0.289921,-0.336797,-0.357032,0.057887,-0.215466,-0.320932,-0.652892,-0.443009,0.525489,-0.599534,0.340930,0.697048,1.000000,-0.115142,-0.234486,-0.182723,-0.223684,-0.060247,-0.080784,0.053206,-0.142367,-0.075227,-0.055342,-0.029399,0.021398,-0.105396,-0.066160,0.055076,0.038266,0.062577,0.020389,0.066986,0.037861,0.056740
0.100123,0.106636,0.406122,0.339081,0.239542,0.191154,0.348994,0.194330,0.011959,0.032014,0.042309,0.016340,0.020362,0.055282,-0.087993,0.000274,0.020288,0.042520,-0.074141,0.175127,0.362810,0.304300,-0.275058,0.420660,-0.349400,-0.195194,-0.222348,-0.197443,-0.162262,-0.087228,-0.149247,-0.190328,0.051143,0.051923,0.499753,0.310534,0.189433,-0.157989,-0.226522,0.022386,0.183278,0.274163,0.162008,0.016545,-0.018710,-0.079479,0.033153,0.056869,0.054331,0.003617,0.051134,0.046798,0.032052,0.034224,-0.162972,0.272915,-0.125890,-0.037014,-0.115142,1.000000,0.371721,0.545448,0.030376,0.025979,0.033943,0.024816,0.034496,0.032603,0.024385,0.026693,0.029172,0.027753,0.006354,0.030168,0.009332,0.011256,-0.002672,0.000797,-0.000277,-0.001021
0.033910,0.045186,0.145606,0.116471,0.086116,0.064938,0.125808,0.075282,-0.298202,0.357153,0.093383,0.018498,-0.089739,0.035866,-0.252072,-0.137330,-0.208450,-0.054112,-0.074490,0.049906,0.257010,0.258435,-0.313666,0.286702,-0.345170,-0.362648,-0.402205,-0.397616,-0.445446,-0.238129,-0.221812,-0.262562,-0.204572,0.016419,0.179539,0.109941,0.066869,-0.033510,-0.059249,0.034088,0.087363,0.125156,0.198871,0.041269,-0.137331,-0.113272,0.049383,0.075281,0.092495,0.010507,0.021438,0.122136,0.081450,0.114255,-0.461958,0.381534,-0.200361,-0.102644,-0.234486,0.371721,1.000000,0.688150,0.032334,-0.015734,0.022256,0.022686,0.081399,0.064208,0.052159,0.052649,0.050404,0.050717,0.013147,0.022870,0.033674,0.036719,-0.038201,-0.033769,-0.058476,-0.045865
0.051403,0.057943,0.216604,0.176971,0.126403,0.098547,0.179298,0.101806,-0.084864,0.215775,0.069525,0.023389,-0.014199,0.062037,-0.167157,-0.057051,-0.049657,0.020858,-0.125447,0.080721,0.392292,0.389990,-0.486893,0.432582,-0.423209,-0.300168,-0.414106,-0.326909,-0.303726,-0.178556,-0.275851,-0.252259,-0.150675,0.025599,0.268947,0.163250,0.098188,-0.075118,-0.119025,0.020146,0.103833,0.156890,0.266960,0.024654,-0.074988,-0.194966,0.032144,0.072199,0.076217,0.004958,0.017214,0.100398,0.051918,0.065693,-0.309021,0.383745,-0.178566,-0.068863,-0.182723,0.545448,0.688150,1.000000,0.027504,0.014238,0.035439,0.020884,0.056833,0.050789,0.029199,0.040784,0.043443,0.040700,-0.007341,0.041892,0.022009,0.035607,-0.014486,-0.001336,-0.005661,-0.002892
-0.017247,0.132842,-0.011839,-0.035544,-0.009262,-0.023228,0.206384,0.174226,-0.199369,0.205273,0.231777,0.211061,-0.189716,0.193085,0.077546,0.217993,0.187606,0.180702,0.142581,-0.078190,0.233917,-0.097584,0.098656,-0.034576,0.118594,-0.196235,0.065239,0.097955,0.136779,0.169712,0.349461,0.355571,0.374520,-0.011904,-0.011537,-0.007068,-0.005940,0.396420,0.475801,0.478104,0.401274,0.487861,0.580211,0.521012,0.610365,0.580268,0.598207,0.637629,0.637953,0.181356,0.457851,0.519303,0.455787,0.492142,0.050611,0.235161,0.333406,0.016970,-0.223684,0.030376,0.032334,0.027504,1.000000,0.120989,0.070740,-0.158578,0.038606,0.039892,0.053197,0.156481,0.149262,0.094550,0.134572,-0.074414,-0.093755,-0.117092,0.035275,0.097464,0.060615,0.078788
-0.027000,-0.052983,-0.003657,-0.008865,-0.015341,-0.018363,0.019334,-0.018715,-0.031050,0.042851,0.018831,0.023003,-0.035662,0.066855,0.041824,0.069490,0.089798,0.079407,-0.006757,0.011576,0.064561,0.001533,0.008845,0.001747,0.029834,-0.035229,0.016415,0.041858,0.053392,0.044633,0.089422,0.100765,0.123115,-0.004480,0.007972,-0.002382,-0.012860,-0.023143,0.017843,-0.026737,-0.012638,0.041791,0.128684,-0.046522,0.173309,0.108008,0.055908,0.132536,0.169808,0.238605,0.012894,0.163184,0.125755,0.143712,0.018372,0.084884,0.088316,-0.005676,-0.060247,0.025979,-0.015734,0.014238,0.120989,1.000000,0.824618,0.221873,0.366680,0.468536,0.398568,0.237948,0.260724,0.344992,0.381382,0.397465,0.097658,0.103339,-0.009598,0.048526,0.004980,0.033507
-0.022300,-0.051771,0.004319,-0.000802,-0.009250,-0.012859,0.013366,-0.021502,-0.041570,0.050260,0.011942,0.015429,-0.021277,0.068635,0.037776,0.058036,0.070714,0.086919,-0.018212,0.017955,0.059018,0.020342,-0.012310,0.016800,0.000981,-0.056985,-0.009335,0.019084,0.014769,0.019562,0.051184,0.076945,0.104241,-0.002665,0.016357,0.003282,-0.008505,-0.037312,-0.005470,-0.043537,-0.024230,0.022674,0.099984,-0.055963,0.122995,0.068092,0.035305,0.111755,0.180534,0.249162,-0.010695,0.124925,0.142556,0.150281,-0.014360,0.086685,0.075576,-0.019431,-0.080784,0.033943,0.022256,0.035439,0.070740,0.824618,1.000000,0.250036,0.410083,0.423537,0.359665,0.262795,0.287923,0.395992,0.315158,0.407387,0.112673,0.146318,-0.022594,0.031154,-0.024014,-0.008546
-0.008919,0.032831,-0.022546,-0.027379,-0.010373,-0.016334,0.030796,0.037700,0.043570,-0.035919,0.010771,0.039544,0.060335,0.181339,0.168754,0.170756,0.169203,0.178333,0.029568,-0.013282,-0.004519,-0.086629,0.101891,-0.073851,0.104421,0.052887,0.116322,0.161923,0.138008,0.126870,0.155700,0.183272,0.198552,0.001690,-0.035970,-0.014996,-0.009101,0.122788,0.141169,0.132525,0.108454,0.123049,0.114483,0.141928,0.142386,0.138656,0.154294,0.144389,0.131292,0.862356,0.099858,0.091504,0.081724,0.094561,0.129749,-0.019829,0.197556,0.157741,0.053206,0.024816,0.022686,0.020884,-0.158578,0.221873,0.250036,1.000000,0.627835,0.586156,0.531598,0.215288,0.214469,0.423960,0.390385,0.253548,0.293952,0.293009,-0.000038,0.033387,0.006723,0.016969
-0.002810,0.012646,0.000809,-0.006149,0.000978,-0.003470,0.033021,0.022392,-0.072407,0.064505,-0.046658,-0.031570,-0.094871,0.025680,-0.022998,0.016884,0.017965,0.011622,-0.011822,0.007303,0.048561,-0.018308,0.012753,-0.000903,0.019977,-0.074982,0.000202,-0.005315,0.012670,0.027422,0.074008,0.070769,0.081315,0.002469,0.000623,0.000116,-0.000291,0.045418,0.068491,0.065289,0.050967,0.081943,0.126670,0.090389,0.123488,0.102409,0.115965,0.134053,0.158350,0.618557,0.087370,0.144446,0.175999,0.161662,-0.027882,0.082414,0.042765,-0.089481,-0.142367,0.034496,0.081399,0.056833,0.038606,0.366680,0.410083,0.627835,1.000000,0.820661,0.720726,0.433259,0.378609,0.632646,0.570039,0.213399,0.269824,0.247979,0.005427,0.053065,0.012788,0.025887
-0.004880,0.007863,-0.005574,-0.011145,-0.003516,-0.007066,0.025915,0.016363,-0.046101,0.046098,-0.009877,-0.006157,-0.047736,0.079509,0.027439,0.062568,0.063771,0.070121,-0.009052,0.007489,0.038901,-0.031918,0.027776,-0.013058,0.038021,-0.038607,0.021732,0.032140,0.044554,0.056740,0.092463,0.092838,0.104306,0.000480,-0.006716,-0.004925,-0.004139,0.042944,0.069007,0.063819,0.045775,0.080089,0.131262,0.078765,0.138467,0.109501,0.105402,0.123040,0.152697,0.576657,0.089132,0.150769,0.126946,0.138573,0.004729,0.067312,0.084962,-0.008182,-0.075227,0.032603,0.064208,0.050789,0.039892,0.468536,0.423537,0.586156,0.820661,1.000000,0.882179,0.378803,0.392392,0.601234,0.663179,0.177812,0.233709,0.204481,0.012100,0.070380,0.029000,0.049513
-0.006553,0.008001,-0.011469,-0.016132,-0.006401,-0.009369,0.023828,0.016148,-0.040224,0.041324,-0.005832,0.000867,-0.033776,0.077487,0.038297,0.066110,0.066061,0.072005,0.004083,0.002149,0.030118,-0.048605,0.050401,-0.029519,0.049300,-0.021925,0.036049,0.043089,0.048050,0.062401,0.099829,0.095359,0.103047,-0.000474,-0.014650,-0.008602,-0.005753,0.048319,0.078472,0.070900,0.048057,0.084106,0.139988,0.078378,0.124607,0.131320,0.105937,0.106639,0.137850,0.526958,0.097151,0.131213,0.108257,0.115830,0.016015,0.044212,0.090023,0.005265,-0.055342,0.024385,0.052159,0.029199,0.053197,0.398568,0.359665,0.531598,0.720726,0.882179,1.000000,0.338680,0.353797,0.529516,0.703142,0.143832,0.207087,0.171181,0.016784,0.062937,0.031591,0.045200
-0.007181,0.003502,-0.005850,-0.010838,-0.004414,-0.007346,0.012854,0.006752,-0.044819,0.047555,0.049418,0.010092,-0.027634,0.165941,0.034299,0.095033,0.071856,0.101073,-0.005015,0.004044,0.020191,-0.026324,0.023369,-0.011042,0.029815,-0.016066,0.013590,0.028826,0.033974,0.058152,0.086819,0.103045,0.114511,0.000620,-0.005395,-0.004155,-0.003720,0.030989,0.052667,0.045215,0.026111,0.051498,0.090982,0.074079,0.106481,0.085215,0.098407,0.112608,0.131751,0.286461,0.068053,0.126212,0.126349,0.135062,0.005800,0.034918,0.119631,0.055564,-0.029399,0.026693,0.052649,0.040784,0.156481,0.237948,0.262795,0.215288,0.433259,0.378803,0.338680,1.000000,0.886636,0.319945,0.290064,0.111192,0.137534,0.128488,0.000907,0.035335,0.002422,0.011466
-0.006563,0.000981,-0.008133,-0.010573,-0.006218,-0.007189,0.009605,0.003550,-0.024722,0.039768,0.059125,0.038190,0.020060,0.188880,0.085532,0.123216,0.110790,0.152878,-0.005315,0.005162,0.018353,-0.028872,0.024492,-0.014649,0.033773,0.008743,0.022735,0.059758,0.045579,0.081919,0.093900,0.122752,0.135676,0.000469,-0.007556,-0.006215,-0.005823,0.025591,0.047356,0.039001,0.019364,0.045935,0.089340,0.066515,0.105403,0.081735,0.091245,0.104282,0.133959,0.286597,0.066043,0.133530,0.091405,0.131819,0.024668,0.029365,0.144522,0.096893,0.021398,0.029172,0.050404,0.043443,0.149262,0.260724,0.287923,0.214469,0.378609,0.392392,0.353797,0.886636,1.000000,0.330003,0.310296,0.096785,0.113737,0.108279,0.004684,0.059671,0.012782,0.030754
-0.002147,0.021353,-0.003002,-0.008128,-0.001173,-0.004100,0.044832,0.032465,-0.059785,0.062207,-0.015482,0.016527,-0.053568,0.063973,0.038063,0.076320,0.075536,0.074571,0.011015,-0.004758,0.064703,-0.027913,0.024861,-0.009839,0.038134,-0.073350,0.018497,0.037914,0.039140,0.067472,0.103227,0.121636,0.135503,0.000289,-0.003792,-0.002798,-0.001690,0.068886,0.096228,0.093302,0.076225,0.111243,0.162257,0.106502,0.171184,0.140947,0.135591,0.157347,0.203528,0.431927,0.113308,0.192764,0.184772,0.213981,-0.000371,0.098827,0.109022,-0.023791,-0.105396,0.027753,0.050717,0.040700,0.094550,0.344992,0.395992,0.423960,0.632646,0.601234,0.529516,0.319945,0.330003,1.000000,0.589139,0.051295,0.031837,0.045947,0.016956,0.128909,0.038965,0.070103
-0.007631,0.017935,-0.020468,-0.022798,-0.011440,-0.012401,0.043087,0.030568,-0.055016,0.053989,0.001573,0.015315,-0.058212,0.059064,0.039745,0.072569,0.073344,0.062579,0.026202,-0.014390,0.058373,-0.068749,0.069101,-0.045555,0.076185,-0.031744,0.054378,0.057892,0.069947,0.088193,0.140977,0.129405,0.127026,-0.003409,-0.025232,-0.014800,-0.008784,0.082508,0.124241,0.111208,0.080242,0.124028,0.190467,0.112892,0.183018,0.196364,0.149796,0.142737,0.175369,0.411627,0.143923,0.190810,0.133917,0.153320,0.034269,0.059600,0.114722,-0.001937,-0.066160,0.006354,0.013147,-0.007341,0.134572,0.381382,0.315158,0.390385,0.570039,0.663179,0.703142,0.290064,0.310296,0.589139,1.000000,0.030980,0.074760,0.022583,0.031705,0.069138,0.070527,0.071121
-0.019419,-0.066815,-0.001595,-0.002321,-0.012891,-0.013058,-0.037325,-0.053733,0.034343,-0.007412,0.012180,0.000888,0.079939,0.091966,0.047448,0.042325,0.040927,0.078025,-0.041957,0.017420,-0.000228,0.040587,-0.041025,0.023411,-0.027808,0.032466,-0.023207,0.007737,-0.011776,-0.012050,-0.030623,-0.012506,0.002389,-0.001688,0.008476,-0.002533,-0.011803,-0.092651,-0.090079,-0.122908,-0.094368,-0.082474,-0.051520,-0.130443,-0.048728,-0.071492,-0.079451,-0.034001,-0.036033,0.211942,-0.095724,-0.033981,-0.047957,-0.039788,-0.005245,-0.001191,0.008245,0.066372,0.055076,0.030168,0.022870,0.041892,-0.074414,0.397465,0.407387,0.253548,0.213399,0.177812,0.143832,0.111192,0.096785,0.051295,0.030980,1.000000,0.665751,0.782589,0.116181,0.278564,0.179549,0.229693
-0.001172,-0.019770,-0.006114,-0.005428,-0.004823,-0.003774,-0.029991,-0.026198,0.011925,-0.011425,0.005391,-0.034998,0.031349,0.073731,0.005446,0.009017,-0.011424,0.015308,-0.021626,0.010115,-0.033646,-0.001997,-0.000891,-0.004385,-0.000826,0.033240,-0.003205,-0.004815,-0.010179,-0.007023,-0.014806,-0.022537,-0.023788,0.001891,-0.005563,-0.006336,-0.005175,-0.043237,-0.047561,-0.053358,-0.052295,-0.056282,-0.056240,-0.042452,-0.061616,-0.055060,-0.044725,-0.051480,-0.064230,0.253614,-0.035023,-0.027954,-0.051721,-0.033757,-0.020401,-0.015807,-0.023428,0.044696,0.038266,0.009332,0.033674,0.022009,-0.093755,0.097658,0.112673,0.293952,0.269824,0.233709,0.207087,0.137534,0.113737,0.031837,0.074760,0.665751,1.000000,0.850981,-0.073395,-0.064777,-0.125640,-0.146278
-0.003567,-0.026193,-0.010317,-0.007693,-0.008949,-0.006560,-0.042763,-0.035213,0.025384,0.000338,0.012926,-0.008633,0.085124,0.098315,0.042877,0.032042,0.016856,0.069562,-0.029801,0.009740,-0.045724,0.011496,-0.015641,-0.001036,-0.017417,0.042667,-0.021876,0.003121,-0.024080,-0.009728,-0.040568,-0.023771,-0.020278,-0.000256,-0.009130,-0.010048,-0.008330,-0.049654,-0.059817,-0.064810,-0.063353,-0.072306,-0.076321,-0.051674,-0.070134,-0.082249,-0.059586,-0.052299,-0.052045,0.243476,-0.051826,-0.052824,-0.061831,-0.053022,-0.021807,-0.018111,-0.002396,0.072152,0.062577,0.011256,0.036719,0.035607,-0.117092,0.103339,0.146318,0.293009,0.247979,0.204481,0.171181,0.128488,0.108279,0.045947,0.022583,0.782589,0.850981,1.000000,-0.107657,0.201810,-0.050698,0.090327
-0.002337,0.003953,-0.008265,-0.007861,-0.003802,-0.004147,-0.000579,0.003657,0.045499,-0.050446,0.003459,0.023384,0.023439,0.010166,0.039804,0.032235,0.051706,0.032161,-0.017122,-0.016539,0.032720,0.013488,-0.017070,0.014381,0.011569,0.030401,0.040840,0.042961,0.048570,0.036912,0.017291,0.032937,0.026498,-0.001270,-0.011959,-0.005173,-0.003357,0.018656,0.021481,0.019256,0.014671,0.015885,0.022421,0.020524,0.028850,0.028729,0.022217,0.016792,0.009832,0.013624,0.017321,0.001627,0.003424,-0.002657,0.050507,-0.018835,0.032471,0.014928,0.020389,-0.002672,-0.038201,-0.014486,0.035275,-0.009598,-0.022594,-0.000038,0.005427,0.012100,0.016784,0.000907,0.004684,0.016956,0.031705,0.116181,-0.073395,-0.107657,1.000000,0.240869,0.497340,0.340181
-0.005551,0.010266,-0.013697,-0.013123,-0.009368,-0.008988,0.011681,0.012084,0.034104,0.002263,0.015869,0.062340,0.089418,0.078583,0.111327,0.107833,0.112566,0.139605,0.007585,-0.017968,0.027554,-0.014004,0.006304,-0.012355,0.026073,0.038047,0.027324,0.075770,0.047797,0.069977,0.051892,0.081455,0.083081,-0.004991,-0.015602,-0.010827,-0.007657,0.046499,0.053044,0.048439,0.037729,0.045145,0.057776,0.053603,0.075184,0.062071,0.059094,0.064095,0.056442,0.062062,0.055525,0.071563,0.004853,0.039616,0.049311,0.016555,0.103697,0.090328,0.066986,0.000797,-0.033769,-0.001336,0.097464,0.048526,0.031154,0.033387,0.053065,0.070380,0.062937,0.035335,0.059671,0.128909,0.069138,0.278564,-0.064777,0.201810,0.240869,1.000000,0.408563,0.582527
-0.003220,0.005995,-0.007337,-0.007709,-0.004108,-0.004702,0.005729,0.007306,0.079365,-0.018907,0.006138,0.039300,0.046793,0.021285,0.069098,0.061422,0.094438,0.061092,-0.010686,-0.016062,0.029891,0.003370,-0.019149,0.003614,0.009884,0.044951,0.006053,0.062700,0.065131,0.051327,0.022089,0.050439,0.047467,-0.000847,-0.010474,-0.005081,-0.003181,0.025761,0.029772,0.027272,0.021889,0.025442,0.036539,0.029107,0.049547,0.036011,0.032490,0.031038,0.016726,0.025744,0.028539,0.017825,0.000348,-0.006290,0.076367,-0.015527,0.055762,0.030727,0.037861,-0.000277,-0.058476,-0.005661,0.060615,0.004980,-0.024014,0.006723,0.012788,0.029000,0.031591,0.002422,0.012782,0.038965,0.070527,0.179549,-0.125640,-0.050698,0.497340,0.408563,1.000000,0.611434
-0.005595,0.005196,-0.012991,-0.012442,-0.008896,-0.008332,0.004735,0.006442,0.045632,-0.000616,0.008680,0.058324,0.080455,0.040738,0.103893,0.082447,0.117960,0.098907,0.000758,-0.018682,0.025084,-0.004325,-0.006413,-0.006102,0.015697,0.054596,0.015714,0.075307,0.041409,0.062315,0.034589,0.066684,0.065030,-0.003138,-0.015446,-0.009654,-0.007030,0.033255,0.038556,0.034007,0.025971,0.031251,0.044049,0.037490,0.059987,0.045154,0.041345,0.045540,0.028842,0.040916,0.038902,0.040734,-0.002923,-0.000902,0.056931,-0.001055,0.078342,0.053233,0.056740,-0.001021,-0.045865,-0.002892,0.078788,0.033507,-0.008546,0.016969,0.025887,0.049513,0.045200,0.011466,0.030754,0.070103,0.071121,0.229693,-0.146278,0.090327,0.340181,0.582527,0.611434,1.000000
