predictor,theme,family,sign,mean_ic,description,dendrogram_leaf
X_feature_market_cap_log_to_min504,Medium- and long-term return,size,1.000000,0.000630,market cap relative to its 504-day low,55
X_feature_market_cap_log_to_min126,Medium- and long-term return,size,-1.000000,-0.013300,market cap relative to its 126-day low,53
X_feature_price_price_to_min252,Medium- and long-term return,price_position,1.000000,0.002694,price relative to its 252-day low,56
X_feature_price_high_to_initial90_exclude10,Medium- and long-term return,price_position,-1.000000,-0.003867,90-day high relative to the price at the start of the window (skips last 10 days),51
X_feature_price_high_to_initial126_exclude21,Medium- and long-term return,price_position,1.000000,0.003184,126-day high relative to the price at the start of the window (skips last 21 days),52
X_feature_price_freq_loss_fl63,Medium- and long-term return,loss_frequency,-1.000000,-0.011198,share of down days over the last 63 days,57
X_feature_price_macd_21_126,Medium- and long-term return,trend,1.000000,0.019310,MACD: 21-day vs 126-day moving-average gap,58
X_feature_price_macd_10_21,Medium- and long-term return,trend,1.000000,0.000632,MACD: 10-day vs 21-day moving-average gap,67
X_feature_price_sharpe_ratio_compound_r63_volatility63_rolling,Medium- and long-term return,risk_adjusted_returns,1.000000,0.009098,63-day return divided by 63-day volatility,68
X_feature_price_ret90_shift0,Medium- and long-term return,momentum,1.000000,0.008211,total return over the last 90 days,63
X_feature_price_price_to_ma252,Medium- and long-term return,trend,1.000000,0.018136,price relative to its 252-day moving average,64
X_feature_price_sharpe_ratio_compound_r126_volatility126_rolling,Medium- and long-term return,risk_adjusted_returns,1.000000,0.019310,126-day return divided by 126-day volatility,65
X_feature_market_cap_log_diff_126,Medium- and long-term return,size,1.000000,0.011636,change in log market cap over 126 days (price return plus share-count change),66
X_feature_price_final_to_high90_exclude10,Medium- and long-term return,price_position,1.000000,0.022937,price 10 days ago relative to the 90-day high (skips the last 10 days),59
X_feature_price_final_to_high252_exclude21,Medium- and long-term return,price_position,1.000000,0.033133,price 21 days ago relative to the 252-day high (skips the last 21 days),60
X_feature_price_price_to_max252,Medium- and long-term return,price_position,1.000000,0.027714,price relative to its 252-day high,61
X_feature_market_cap_log_to_max504,Medium- and long-term return,size,1.000000,0.026598,market cap relative to its 504-day high,62
X_feature_price_freq_loss_fl756,Medium- and long-term return,loss_frequency,-1.000000,-0.025240,share of down days over the last 756 days,71
X_feature_price_freq_loss_fl252,Medium- and long-term return,loss_frequency,-1.000000,-0.024304,share of down days over the last 252 days,72
X_feature_price_high_to_initial252_exclude21,Medium- and long-term return,price_position,1.000000,0.003823,252-day high relative to the price at the start of the window (skips last 21 days),73
X_feature_price_ret252_shift0,Medium- and long-term return,momentum,1.000000,0.020739,total return over the last 252 days,74
X_feature_price_macd_21_252,Medium- and long-term return,trend,1.000000,0.025342,MACD: 21-day vs 252-day moving-average gap,75
X_feature_price_trend_streak200_126,Medium- and long-term return,trend,1.000000,0.027619,share of the last 126 days the price was above its 200-day average,76
X_feature_price_trend_streak200_252,Medium- and long-term return,trend,1.000000,0.025861,share of the last 252 days the price was above its 200-day average,77
X_feature_market_cap_log_diff_504,Medium- and long-term return,size,1.000000,0.011627,change in log market cap over 504 days (price return plus share-count change),78
X_feature_price_trend_streak200_504,Medium- and long-term return,trend,1.000000,0.029282,share of the last 504 days the price was above its 200-day average,79
X_feature_price_lag1,Short-term return,reversal,-1.000000,-0.003741,return of the single day 1 days ago,18
X_feature_price_bb_pct5,Short-term return,price_position,-1.000000,-0.011719,position within 5-day Bollinger bands (%B),21
X_feature_price_price_to_min5,Short-term return,price_position,-1.000000,-0.023746,price relative to its 5-day low,22
X_feature_price_price_to_min10,Short-term return,price_position,-1.000000,-0.026491,price relative to its 10-day low,23
X_feature_price_price_to_min21,Short-term return,price_position,-1.000000,-0.026507,price relative to its 21-day low,24
X_feature_price_ret10_shift0,Short-term return,reversal,-1.000000,-0.010888,total return over the last 10 days,25
X_feature_price_price_to_ma21,Short-term return,trend,-1.000000,-0.011056,price relative to its 21-day moving average,26
X_feature_price_bb_pct21,Short-term return,price_position,-1.000000,-0.012065,position within 21-day Bollinger bands (%B),27
X_feature_price_bb_pct10,Short-term return,price_position,-1.000000,-0.013035,position within 10-day Bollinger bands (%B),28
X_feature_price_ret5_shift0,Short-term return,reversal,-1.000000,-0.011430,total return over the last 5 days,29
X_feature_price_price_to_ma10,Short-term return,trend,-1.000000,-0.012799,price relative to its 10-day moving average,30
X_feature_price_freq_loss_fl21,Short-term return,loss_frequency,1.000000,0.003185,share of down days over the last 21 days,19
X_feature_price_price_to_min63,Short-term return,price_position,-1.000000,-0.018637,price relative to its 63-day low,54
X_feature_price_ret21_shift0,Short-term return,reversal,-1.000000,-0.008518,total return over the last 21 days,20
X_feature_price_price_to_ma63,Short-term return,trend,-1.000000,-0.002755,price relative to its 63-day moving average,69
X_feature_price_bb_pct126,Short-term return,price_position,1.000000,0.007007,position within 126-day Bollinger bands (%B),70
X_feature_market_cap_log_std126,Volatility,size,-1.000000,-0.022713,how much log market cap moved over 126 days (std of the level: volatility plus trend),35
X_feature_market_cap_log_std252,Volatility,size,-1.000000,-0.016258,how much log market cap moved over 252 days (std of the level: volatility plus trend),36
X_feature_market_cap_log_std504,Volatility,size,-1.000000,-0.012168,how much log market cap moved over 504 days (std of the level: volatility plus trend),37
X_feature_market_cap_log_std21,Volatility,size,-1.000000,-0.031037,how much log market cap moved over 21 days (std of the level: volatility plus trend),38
X_feature_price_downside_vol10,Volatility,volatility,-1.000000,-0.025003,"volatility of down-day returns only, 10 days",39
X_feature_price_downside_vol21,Volatility,volatility,-1.000000,-0.029967,"volatility of down-day returns only, 21 days",40
X_feature_price_vol10,Volatility,volatility,-1.000000,-0.034569,"volatility of daily close-to-close returns, 10 days",41
X_feature_price_upside_vol10,Volatility,volatility,-1.000000,-0.033167,"volatility of up-day returns only, 10 days",42
X_feature_price_upside_vol21,Volatility,volatility,-1.000000,-0.034132,"volatility of up-day returns only, 21 days",43
X_feature_price_upside_vol63,Volatility,volatility,-1.000000,-0.031487,"volatility of up-day returns only, 63 days",44
X_feature_price_atr5,Volatility,volatility,-1.000000,-0.037692,"average daily high-low range incl. overnight gaps (ATR, relative), 5 days",45
X_feature_price_downside_vol63,Volatility,volatility,-1.000000,-0.033254,"volatility of down-day returns only, 63 days",46
X_feature_price_downside_vol126,Volatility,volatility,-1.000000,-0.035363,"volatility of down-day returns only, 126 days",47
X_feature_price_atr21,Volatility,volatility,-1.000000,-0.039780,"average daily high-low range incl. overnight gaps (ATR, relative), 21 days",48
X_feature_price_vol252,Volatility,volatility,-1.000000,-0.032156,"volatility of daily close-to-close returns, 252 days",49
X_feature_price_atr126,Volatility,volatility,-1.000000,-0.038696,"average daily high-low range incl. overnight gaps (ATR, relative), 126 days",50
X_feature_market_cap_log_identity,Size,size,1.000000,0.017140,firm size: log market cap,11
X_feature_pv_illiquidity_mean21,Size,liquidity,-1.000000,-0.019364,"Amihud illiquidity: absolute return per dollar traded, 21-day mean",12
X_feature_volume_log_volume_std504,Size,volume,-1.000000,-0.010660,how much log volume moved over 504 days,15
X_feature_volume_log_volume_std63,Size,volume,-1.000000,-0.004311,how much log volume moved over 63 days,16
X_feature_volume_log_volume_std126,Size,volume,-1.000000,-0.007598,how much log volume moved over 126 days,17
X_feature_pv_pv_corr21,Trading activity,price_volume_correlation,-1.000000,-0.010990,correlation of price and volume changes over 21 days,31
X_feature_pv_pv_corr63,Trading activity,price_volume_correlation,-1.000000,-0.010205,correlation of price and volume changes over 63 days,32
X_feature_pv_pv_corr126,Trading activity,price_volume_correlation,-1.000000,-0.006731,correlation of price and volume changes over 126 days,33
X_feature_liquidity_turnover_level63,Trading activity,liquidity,-1.000000,-0.019799,"turnover: dollar volume / market cap, 63-day level",34
X_feature_volume_log_volume_ratio_max126,Trading activity,volume,1.000000,0.007742,volume relative to its 126-day high,9
X_feature_volume_log_volume_ratio_max252,Trading activity,volume,1.000000,0.007504,volume relative to its 252-day high,10
X_feature_market_corr252,Market correlation,market_correlation,1.000000,0.010870,correlation with the market over 252 days,7
X_feature_market_corr504,Market correlation,market_correlation,1.000000,0.011808,correlation with the market over 504 days,8
X_feature_short_interest_to_volume_log_ratio_std63,Short interest,short_interest,-1.000000,-0.006120,variability of days to cover over 63 days,14
X_feature_short_interest_to_volume_log_ratio_std252,Short interest,short_interest,-1.000000,-0.006192,variability of days to cover over 252 days,13
X_feature_short_interest_to_volume_log_ratio,Short interest,short_interest,-1.000000,-0.020924,days to cover today: short interest / volume (log),4
X_feature_short_interest_to_volume_log_ratio_mean63,Short interest,short_interest,-1.000000,-0.018989,"days to cover, 63-day average",5
X_feature_short_interest_to_volume_log_ratio_mean252,Short interest,short_interest,-1.000000,-0.013812,"days to cover, 252-day average",6
X_feature_short_interest_log_diff21,Short interest,short_interest,-1.000000,-0.007395,change in (lagged) short interest over 21 days,0
X_feature_short_interest_log_diff252,Short interest,short_interest,-1.000000,-0.013457,change in (lagged) short interest over 252 days,1
X_feature_short_interest_log_diff63,Short interest,short_interest,-1.000000,-0.009189,change in (lagged) short interest over 63 days,2
X_feature_short_interest_log_diff126,Short interest,short_interest,-1.000000,-0.013131,change in (lagged) short interest over 126 days,3
