model,period,net_return_pct,net_volatility_pct,net_sharpe,net_drawdown_pct,gross_return_pct,traded_notional,market_beta,long_pct,short_pct,gross_exposure_pct,net_exposure_pct,net_sharpe_min,net_sharpe_max
equal_weight,development,7.515355778493814,9.19795906885608,0.8176042606746193,-24.87061883127913,8.811808607471615,25.929056579555994,0.10672145482325814,91.51238375172663,42.59182870971591,134.10421246144256,48.920555042010726,0.7371000221708185,0.9324728069149729
ols,development,7.310550479774318,7.366156833897669,0.9925833657440347,-18.707575617866034,8.758722002377459,28.963430452062813,0.09136202548473933,84.42924783364568,54.33173880142336,138.76098663506903,30.09750903222233,0.9049764009458212,1.04856974548972
ridge_0p01,development,7.458123092756984,7.49583618043346,0.9945574392163942,-18.339395118758432,8.894534952612611,28.728237197112545,0.0951018443397542,85.00612968968379,53.493235703705004,138.49936539338876,31.512893985978778,0.89746405119848,1.103845701559738
ridge_0p1,development,7.902924064972922,8.054212661461278,0.9811989047189469,-19.825714912659162,9.323995308563848,28.421424871818555,0.10402497032970011,86.99925609658942,50.51759304230882,137.51684913889824,36.481663054280595,0.8880639147578385,1.1631135173014884
ridge_1,development,7.976605286636268,8.779314486725502,0.9099287313745301,-23.685671469249467,9.464212337564616,29.75214101856693,0.110751864706496,89.6566516168261,46.43456689258834,136.09121850941446,43.22208472423776,0.818296094717021,1.0859076915158912
ridge_10,development,7.541681034445652,9.230888034509134,0.8178488305401306,-27.62455390814652,9.035385275163677,29.87408481436049,0.10037401930468519,92.14568235944638,43.158287433836,135.3039697932824,48.987394925610396,0.7217422473332814,0.9533329133234394
ridge_100,development,7.3441743950239635,9.36617916758786,0.7848996852939484,-31.769989032033056,8.81120515441883,29.340615187897356,0.09523249650690864,92.79156299928566,42.31944017328954,135.1110031725752,50.47212282599612,0.6997431971031018,0.9273409021580858
equal_weight,later,6.002073117604117,11.441357573328373,0.5248102983388839,-10.703502809539188,7.072195271648326,21.402443080884208,0.07071963883745401,94.65111969254411,36.45004971581866,131.10116940836278,58.20106997672546,0.4484979914293441,0.6146849193328717
ols,later,6.367215640533377,9.184161323459492,0.6930926411335356,-8.489066962796182,7.663865638997392,25.932999969280306,0.06076310730785379,90.6586374755622,42.9868683072875,133.6455057828497,47.67176916827469,0.6686708303743736,0.7286874172831481
ridge_0p01,later,6.444100154977629,9.377928118866562,0.6871257370516205,-8.611629454660415,7.7262557425877105,25.643111752201634,0.06414350121611768,91.17320719229083,42.16330123398257,133.3365084262734,49.00990595830827,0.6317275032943733,0.7402026512053834
ridge_0p1,later,7.387943264427108,10.161051011527482,0.726658401373916,-9.391313430523892,8.60733708421642,24.387876395786233,0.06980478713703979,92.84842242498536,39.56645631640311,132.41487874138843,53.28196610858223,0.6678354804639982,0.8273411647191418
ridge_1,later,6.470058868134036,11.313895739448663,0.5716314993885004,-10.634552435868198,7.634401308766854,23.286848812656377,0.046666014395359806,94.98094707428923,36.78239033752293,131.76333741181216,58.198556736766285,0.47040271565162917,0.6472759939707399
ridge_10,later,5.8208779868165115,11.916561838830185,0.4884743038539643,-11.35422313109541,6.883165117494168,21.24574261355313,0.005105598367309759,96.4074566452574,34.989970289040336,131.39742693429773,61.41748635621706,0.43844773272436394,0.5731107917993588
ridge_100,later,5.8015203859145545,12.080758839455278,0.4801663674074342,-11.645528215905244,6.810689563352208,20.18338354875308,-0.007391328190656392,96.66023231445264,34.48626278509332,131.14649509954597,62.17396952935932,0.41595687771335876,0.5822168333358647
