predictor,period,dates,ic_return,ic_volatility,ic_target
X_feature_market_cap_log_identity,1998-2021,1171,-0.005452508836156044,-0.18574863775329808,0.013928594124380703
X_feature_market_cap_log_identity,1998-2008,517,-0.014742539570399402,-0.11460017814189383,-0.004979141786619333
X_feature_market_cap_log_identity,2009-2021,654,0.00189144512348282,-0.24199290934212994,0.028875535203871563
X_feature_market_corr252,1998-2021,1171,0.0050245102818729055,-0.038778705213660836,0.011144804273390155
X_feature_market_corr252,1998-2008,517,-0.016548111764188463,0.06529248844184399,-0.010110542465529051
X_feature_market_corr252,2009-2021,654,0.022078096822872487,-0.12104905249178927,0.02794757837739815
X_feature_market_corr504,1998-2021,1171,0.0021911257500358285,-0.050641896376202186,0.01142398836102926
X_feature_market_corr504,1998-2008,517,-0.021480376951647215,0.0709587775141729,-0.009740301588256041
X_feature_market_corr504,2009-2021,654,0.020903919170173646,-0.14676964622532132,0.02815478026283431
X_feature_price_vol63,1998-2021,1171,-0.007312404656697985,0.6996837863766662,-0.03352210329377603
X_feature_price_vol63,1998-2008,517,-0.013923416477610112,0.714030070030372,-0.017992932257011172
X_feature_price_vol63,2009-2021,654,-0.0020862684007169926,0.6883427639776355,-0.045798221682166594
