model,period,ic_dates,ic_mean,ic_sd,ic_ir
theme_equal,development,5851,0.038291355206750664,0.09645541752450404,0.3969850132785225
theme_equal,later,1083,0.03493918230078729,0.10971402210215273,0.318456853840032
equal_weight,development,5851,0.046669063313554936,0.10491823164599613,0.4448136666182165
equal_weight,later,1083,0.03842784159622731,0.1336885688917928,0.2874429871960909
ols,development,5851,0.04655574094262703,0.08344576891224373,0.5579161358269425
ols,later,1083,0.04122473532731696,0.10869469949212193,0.3792708891964403
ridge_0p01,development,5851,0.047231500460223154,0.0847354167638776,0.557399754011215
ridge_0p01,later,1083,0.04161144480055226,0.1115952399738266,0.3728783128233046
ridge_0p1,development,5851,0.048070971050702134,0.08996433769602592,0.5343336291000741
ridge_0p1,later,1083,0.04216704573285831,0.12182594071545451,0.34612534477650136
ridge_1,development,5851,0.04734684681943294,0.09807301424185173,0.48277140440155986
ridge_1,later,1083,0.038745073811853825,0.13431059792957517,0.2884736901563757
ridge_10,development,5851,0.04664026769136908,0.10247842667041832,0.45512279224747676
ridge_10,later,1083,0.03479522449740089,0.13947505159038964,0.24947274871485628
ridge_100,development,5851,0.04645614455419615,0.10363887077954849,0.44825019999507315
ridge_100,later,1083,0.03425942792539632,0.14042627809397995,0.24396735703888894
