feature,fold_id,test_date,coefficient
X_feature_liquidity_turnover_level63,0,1998-09-03,0.017662754903237026
X_feature_liquidity_turnover_level63,1,2001-01-22,0.016176532953977585
X_feature_liquidity_turnover_level63,2,2003-06-13,0.012582207409044107
X_feature_liquidity_turnover_level63,3,2005-10-28,0.013625661532084147
X_feature_liquidity_turnover_level63,4,2008-03-20,0.010560301132500172
X_feature_liquidity_turnover_level63,5,2010-08-06,0.008713130839169025
X_feature_liquidity_turnover_level63,6,2012-12-24,0.0071385653379062814
X_feature_liquidity_turnover_level63,7,2015-05-14,0.007869685534387827
X_feature_liquidity_turnover_level63,8,2017-09-29,0.006668404210358858
X_feature_liquidity_turnover_level63,9,2020-02-20,0.00516670507689317
X_feature_liquidity_turnover_level63,10,2022-07-08,0.005268186796456575
X_feature_liquidity_turnover_level63,11,2024-11-25,0.004506793804466724
X_feature_market_cap_log_diff_126,0,1998-09-03,0.010479385343690714
X_feature_market_cap_log_diff_126,1,2001-01-22,0.007334017815689246
X_feature_market_cap_log_diff_126,2,2003-06-13,0.005077296402305365
X_feature_market_cap_log_diff_126,3,2005-10-28,0.0036388333731641373
X_feature_market_cap_log_diff_126,4,2008-03-20,0.003139049280434847
X_feature_market_cap_log_diff_126,5,2010-08-06,-0.0011050531174987555
X_feature_market_cap_log_diff_126,6,2012-12-24,-0.0027179645840078592
X_feature_market_cap_log_diff_126,7,2015-05-14,-0.001744991207184891
X_feature_market_cap_log_diff_126,8,2017-09-29,-0.0005058550353472432
X_feature_market_cap_log_diff_126,9,2020-02-20,-0.00016114465446056178
X_feature_market_cap_log_diff_126,10,2022-07-08,-0.0002047508921047362
X_feature_market_cap_log_diff_126,11,2024-11-25,-0.000460102193756029
X_feature_market_cap_log_diff_504,0,1998-09-03,0.0006161290608967344
X_feature_market_cap_log_diff_504,1,2001-01-22,-0.006495104792217414
X_feature_market_cap_log_diff_504,2,2003-06-13,-0.010625354324777922
X_feature_market_cap_log_diff_504,3,2005-10-28,-0.0031647765232870975
X_feature_market_cap_log_diff_504,4,2008-03-20,-0.0006192972262700399
X_feature_market_cap_log_diff_504,5,2010-08-06,-0.006479752870897452
X_feature_market_cap_log_diff_504,6,2012-12-24,-0.006648316203306119
X_feature_market_cap_log_diff_504,7,2015-05-14,-0.00713083753362298
X_feature_market_cap_log_diff_504,8,2017-09-29,-0.006238099342832963
X_feature_market_cap_log_diff_504,9,2020-02-20,-0.005138456666221221
X_feature_market_cap_log_diff_504,10,2022-07-08,-0.007127431221306324
X_feature_market_cap_log_diff_504,11,2024-11-25,-0.0064076812316974
X_feature_market_cap_log_identity,0,1998-09-03,0.007909195963293314
X_feature_market_cap_log_identity,1,2001-01-22,0.005806317708144586
X_feature_market_cap_log_identity,2,2003-06-13,-0.0015666438266634941
X_feature_market_cap_log_identity,3,2005-10-28,-0.001141498136955003
X_feature_market_cap_log_identity,4,2008-03-20,-0.0004367505171103403
X_feature_market_cap_log_identity,5,2010-08-06,-0.002605568695192536
X_feature_market_cap_log_identity,6,2012-12-24,-0.0028912328028430543
X_feature_market_cap_log_identity,7,2015-05-14,-0.0026745086846252284
X_feature_market_cap_log_identity,8,2017-09-29,-0.002907813914741079
X_feature_market_cap_log_identity,9,2020-02-20,-0.0016242793450752895
X_feature_market_cap_log_identity,10,2022-07-08,-0.0017875289001191657
X_feature_market_cap_log_identity,11,2024-11-25,-0.00137378442256401
X_feature_market_cap_log_std126,0,1998-09-03,-0.0033010984770953655
X_feature_market_cap_log_std126,1,2001-01-22,0.000810537239885889
X_feature_market_cap_log_std126,2,2003-06-13,0.003897027655815085
X_feature_market_cap_log_std126,3,2005-10-28,0.0016900803117702405
X_feature_market_cap_log_std126,4,2008-03-20,0.0024704632038871446
X_feature_market_cap_log_std126,5,2010-08-06,0.0029627340845763683
X_feature_market_cap_log_std126,6,2012-12-24,0.004439397249370813
X_feature_market_cap_log_std126,7,2015-05-14,0.00193020177539438
X_feature_market_cap_log_std126,8,2017-09-29,0.0007382804566683868
X_feature_market_cap_log_std126,9,2020-02-20,0.001801230168590943
X_feature_market_cap_log_std126,10,2022-07-08,0.0009185344485255579
X_feature_market_cap_log_std126,11,2024-11-25,0.0006035808473825455
X_feature_market_cap_log_std21,0,1998-09-03,-0.016502673427263897
X_feature_market_cap_log_std21,1,2001-01-22,-0.01074831373989582
X_feature_market_cap_log_std21,2,2003-06-13,-0.008688854984939098
X_feature_market_cap_log_std21,3,2005-10-28,-0.008417265800138315
X_feature_market_cap_log_std21,4,2008-03-20,-0.007772567061086495
X_feature_market_cap_log_std21,5,2010-08-06,-0.00747018912807107
X_feature_market_cap_log_std21,6,2012-12-24,-0.007839633307109276
X_feature_market_cap_log_std21,7,2015-05-14,-0.007945189718157053
X_feature_market_cap_log_std21,8,2017-09-29,-0.007694724791993697
X_feature_market_cap_log_std21,9,2020-02-20,-0.005178062090029319
X_feature_market_cap_log_std21,10,2022-07-08,-0.004576148775716622
X_feature_market_cap_log_std21,11,2024-11-25,-0.005358942163487275
X_feature_market_cap_log_std252,0,1998-09-03,0.0008848155945694695
X_feature_market_cap_log_std252,1,2001-01-22,0.00805441631625096
X_feature_market_cap_log_std252,2,2003-06-13,0.007327534103145202
X_feature_market_cap_log_std252,3,2005-10-28,0.006607619269440572
X_feature_market_cap_log_std252,4,2008-03-20,0.0073996347685654955
X_feature_market_cap_log_std252,5,2010-08-06,0.010826692606012026
X_feature_market_cap_log_std252,6,2012-12-24,0.00779668940231204
X_feature_market_cap_log_std252,7,2015-05-14,0.005906275163094203
X_feature_market_cap_log_std252,8,2017-09-29,0.004849280385921399
X_feature_market_cap_log_std252,9,2020-02-20,0.004592916617790858
X_feature_market_cap_log_std252,10,2022-07-08,0.004869426755855481
X_feature_market_cap_log_std252,11,2024-11-25,0.005416688354065021
X_feature_market_cap_log_std504,0,1998-09-03,0.005231196681658427
X_feature_market_cap_log_std504,1,2001-01-22,0.009018327109515667
X_feature_market_cap_log_std504,2,2003-06-13,0.012323410560687384
X_feature_market_cap_log_std504,3,2005-10-28,0.014221684696773687
X_feature_market_cap_log_std504,4,2008-03-20,0.011465461303790411
X_feature_market_cap_log_std504,5,2010-08-06,0.012038044010599455
X_feature_market_cap_log_std504,6,2012-12-24,0.012649037254353365
X_feature_market_cap_log_std504,7,2015-05-14,0.010856341881056627
X_feature_market_cap_log_std504,8,2017-09-29,0.011386545685430368
X_feature_market_cap_log_std504,9,2020-02-20,0.009486922373374304
X_feature_market_cap_log_std504,10,2022-07-08,0.008859678482015928
X_feature_market_cap_log_std504,11,2024-11-25,0.008317036554217339
X_feature_market_cap_log_to_max504,0,1998-09-03,-0.0026732416978726783
X_feature_market_cap_log_to_max504,1,2001-01-22,-0.002510774570206801
X_feature_market_cap_log_to_max504,2,2003-06-13,-0.0041254498064517975
X_feature_market_cap_log_to_max504,3,2005-10-28,-0.0013807951860750716
X_feature_market_cap_log_to_max504,4,2008-03-20,0.0010371861086847882
X_feature_market_cap_log_to_max504,5,2010-08-06,0.00025471530777091783
X_feature_market_cap_log_to_max504,6,2012-12-24,0.0004289901989977807
X_feature_market_cap_log_to_max504,7,2015-05-14,0.0005473683316571017
X_feature_market_cap_log_to_max504,8,2017-09-29,0.0009186755050905049
X_feature_market_cap_log_to_max504,9,2020-02-20,0.00219897273927927
X_feature_market_cap_log_to_max504,10,2022-07-08,0.0026374122438331447
X_feature_market_cap_log_to_max504,11,2024-11-25,0.002929527157296737
X_feature_market_cap_log_to_min126,0,1998-09-03,0.0014107938235004742
X_feature_market_cap_log_to_min126,1,2001-01-22,-0.006236605190982421
X_feature_market_cap_log_to_min126,2,2003-06-13,-0.008331776596605778
X_feature_market_cap_log_to_min126,3,2005-10-28,-0.00717496204500397
X_feature_market_cap_log_to_min126,4,2008-03-20,-0.006555891130119562
X_feature_market_cap_log_to_min126,5,2010-08-06,-0.003093746645996968
X_feature_market_cap_log_to_min126,6,2012-12-24,-0.0037345067442705235
X_feature_market_cap_log_to_min126,7,2015-05-14,-0.0038485648886611066
X_feature_market_cap_log_to_min126,8,2017-09-29,-0.003328451964383324
X_feature_market_cap_log_to_min126,9,2020-02-20,-0.004032815185685952
X_feature_market_cap_log_to_min126,10,2022-07-08,-0.004582523833960295
X_feature_market_cap_log_to_min126,11,2024-11-25,-0.004707061219960451
X_feature_market_cap_log_to_min504,0,1998-09-03,-0.0016570469985405605
X_feature_market_cap_log_to_min504,1,2001-01-22,-0.007669494487345219
X_feature_market_cap_log_to_min504,2,2003-06-13,-0.006563667052735885
X_feature_market_cap_log_to_min504,3,2005-10-28,-0.007506167981773615
X_feature_market_cap_log_to_min504,4,2008-03-20,-0.005426340581228335
X_feature_market_cap_log_to_min504,5,2010-08-06,-0.0024143468278149762
X_feature_market_cap_log_to_min504,6,2012-12-24,-0.001520294036405782
X_feature_market_cap_log_to_min504,7,2015-05-14,-0.0012232614293073614
X_feature_market_cap_log_to_min504,8,2017-09-29,-0.00019823914772132412
X_feature_market_cap_log_to_min504,9,2020-02-20,-0.00017763271413665885
X_feature_market_cap_log_to_min504,10,2022-07-08,0.0008085559820756316
X_feature_market_cap_log_to_min504,11,2024-11-25,0.001555184950120747
X_feature_market_corr252,0,1998-09-03,-0.0016847379738464952
X_feature_market_corr252,1,2001-01-22,0.006436085949341456
X_feature_market_corr252,2,2003-06-13,0.0015057260946681101
X_feature_market_corr252,3,2005-10-28,-0.002507308109973868
X_feature_market_corr252,4,2008-03-20,-0.0022578176576644182
X_feature_market_corr252,5,2010-08-06,0.000012905946884226674
X_feature_market_corr252,6,2012-12-24,0.00037293955392669886
X_feature_market_corr252,7,2015-05-14,0.0010729579565425713
X_feature_market_corr252,8,2017-09-29,0.0017540807214876015
X_feature_market_corr252,9,2020-02-20,0.0020653686175743737
X_feature_market_corr252,10,2022-07-08,0.0010588478568630915
X_feature_market_corr252,11,2024-11-25,0.0005557496139469246
X_feature_market_corr504,0,1998-09-03,0.002688795638581117
X_feature_market_corr504,1,2001-01-22,0.005873978758851687
X_feature_market_corr504,2,2003-06-13,0.003885450695330898
X_feature_market_corr504,3,2005-10-28,0.0010829197805530082
X_feature_market_corr504,4,2008-03-20,0.0012780330531919997
X_feature_market_corr504,5,2010-08-06,0.0024578856149067483
X_feature_market_corr504,6,2012-12-24,0.004064105761547883
X_feature_market_corr504,7,2015-05-14,0.003980740283926328
X_feature_market_corr504,8,2017-09-29,0.0033205111200610795
X_feature_market_corr504,9,2020-02-20,0.003016937834521135
X_feature_market_corr504,10,2022-07-08,0.004029048917194207
X_feature_market_corr504,11,2024-11-25,0.005059169605374336
X_feature_price_atr126,0,1998-09-03,-0.00758763945971926
X_feature_price_atr126,1,2001-01-22,-0.004405619731793801
X_feature_price_atr126,2,2003-06-13,-0.004388552314291398
X_feature_price_atr126,3,2005-10-28,-0.0038290167382607856
X_feature_price_atr126,4,2008-03-20,-0.0033088771160691977
X_feature_price_atr126,5,2010-08-06,-0.006178978054473798
X_feature_price_atr126,6,2012-12-24,-0.0064829800588389235
X_feature_price_atr126,7,2015-05-14,-0.006027505888293187
X_feature_price_atr126,8,2017-09-29,-0.007700948199878137
X_feature_price_atr126,9,2020-02-20,-0.008667898985246817
X_feature_price_atr126,10,2022-07-08,-0.007762983751793702
X_feature_price_atr126,11,2024-11-25,-0.007832687348127365
X_feature_price_atr21,0,1998-09-03,-0.010017773136496544
X_feature_price_atr21,1,2001-01-22,-0.005844234178463618
X_feature_price_atr21,2,2003-06-13,-0.0028086780415227017
X_feature_price_atr21,3,2005-10-28,-0.004046830969552199
X_feature_price_atr21,4,2008-03-20,-0.0034076140727847815
X_feature_price_atr21,5,2010-08-06,-0.0039500634496410685
X_feature_price_atr21,6,2012-12-24,-0.005413964545975129
X_feature_price_atr21,7,2015-05-14,-0.0059128681508203345
X_feature_price_atr21,8,2017-09-29,-0.006892017709712188
X_feature_price_atr21,9,2020-02-20,-0.007702997264762719
X_feature_price_atr21,10,2022-07-08,-0.007994174181173245
X_feature_price_atr21,11,2024-11-25,-0.008243158459663391
X_feature_price_atr5,0,1998-09-03,-0.011707844212651253
X_feature_price_atr5,1,2001-01-22,-0.007714651680241029
X_feature_price_atr5,2,2003-06-13,-0.00666860102986296
X_feature_price_atr5,3,2005-10-28,-0.007410905168702205
X_feature_price_atr5,4,2008-03-20,-0.006567247832814853
X_feature_price_atr5,5,2010-08-06,-0.006830329230676095
X_feature_price_atr5,6,2012-12-24,-0.00759255342806379
X_feature_price_atr5,7,2015-05-14,-0.008217032377918562
X_feature_price_atr5,8,2017-09-29,-0.008673942647874355
X_feature_price_atr5,9,2020-02-20,-0.008352382108569145
X_feature_price_atr5,10,2022-07-08,-0.008994157736500105
X_feature_price_atr5,11,2024-11-25,-0.008845109802981218
X_feature_price_bb_pct10,0,1998-09-03,-0.0011838755065885682
X_feature_price_bb_pct10,1,2001-01-22,-0.00022414295987497704
X_feature_price_bb_pct10,2,2003-06-13,-0.001908366762412091
X_feature_price_bb_pct10,3,2005-10-28,-0.0025929761274407306
X_feature_price_bb_pct10,4,2008-03-20,-0.0023806834360584617
X_feature_price_bb_pct10,5,2010-08-06,-0.003077632592370113
X_feature_price_bb_pct10,6,2012-12-24,-0.003841403949384888
X_feature_price_bb_pct10,7,2015-05-14,-0.0035442357572416463
X_feature_price_bb_pct10,8,2017-09-29,-0.00323254467609028
X_feature_price_bb_pct10,9,2020-02-20,-0.002306198856482903
X_feature_price_bb_pct10,10,2022-07-08,-0.002387940068729222
X_feature_price_bb_pct10,11,2024-11-25,-0.0026732024659092226
X_feature_price_bb_pct126,0,1998-09-03,0.006599796935915947
X_feature_price_bb_pct126,1,2001-01-22,0.006349127584447463
X_feature_price_bb_pct126,2,2003-06-13,0.002520779613405466
X_feature_price_bb_pct126,3,2005-10-28,0.0025531318970024586
X_feature_price_bb_pct126,4,2008-03-20,0.002502403144414226
X_feature_price_bb_pct126,5,2010-08-06,0.001771638208689789
X_feature_price_bb_pct126,6,2012-12-24,0.002301980430881182
X_feature_price_bb_pct126,7,2015-05-14,0.003099663027872642
X_feature_price_bb_pct126,8,2017-09-29,0.0031783403052637973
X_feature_price_bb_pct126,9,2020-02-20,0.003331095135460297
X_feature_price_bb_pct126,10,2022-07-08,0.003907651562864582
X_feature_price_bb_pct126,11,2024-11-25,0.003056418616324663
X_feature_price_bb_pct21,0,1998-09-03,-0.003958409419283271
X_feature_price_bb_pct21,1,2001-01-22,0.0013691857651186485
X_feature_price_bb_pct21,2,2003-06-13,-0.0010191685675332944
X_feature_price_bb_pct21,3,2005-10-28,-0.0030107145042469106
X_feature_price_bb_pct21,4,2008-03-20,-0.003110372538988789
X_feature_price_bb_pct21,5,2010-08-06,-0.004291639197617769
X_feature_price_bb_pct21,6,2012-12-24,-0.005335020677496989
X_feature_price_bb_pct21,7,2015-05-14,-0.005510114909460147
X_feature_price_bb_pct21,8,2017-09-29,-0.005087754068275292
X_feature_price_bb_pct21,9,2020-02-20,-0.00419401175652941
X_feature_price_bb_pct21,10,2022-07-08,-0.0042198340718944865
X_feature_price_bb_pct21,11,2024-11-25,-0.003950479518001278
X_feature_price_bb_pct5,0,1998-09-03,-0.006628298355887334
X_feature_price_bb_pct5,1,2001-01-22,-0.006172468109677236
X_feature_price_bb_pct5,2,2003-06-13,-0.006498801366736491
X_feature_price_bb_pct5,3,2005-10-28,-0.0057062553241848946
X_feature_price_bb_pct5,4,2008-03-20,-0.004833453955749671
X_feature_price_bb_pct5,5,2010-08-06,-0.004608478241910537
X_feature_price_bb_pct5,6,2012-12-24,-0.004250033292919397
X_feature_price_bb_pct5,7,2015-05-14,-0.0038996674896528325
X_feature_price_bb_pct5,8,2017-09-29,-0.0034170414631565413
X_feature_price_bb_pct5,9,2020-02-20,-0.003172187910725673
X_feature_price_bb_pct5,10,2022-07-08,-0.0031023966148495674
X_feature_price_bb_pct5,11,2024-11-25,-0.0029519053641706705
X_feature_price_downside_vol10,0,1998-09-03,-0.0017964330812295277
X_feature_price_downside_vol10,1,2001-01-22,-0.0038365071328977742
X_feature_price_downside_vol10,2,2003-06-13,-0.004873888722310464
X_feature_price_downside_vol10,3,2005-10-28,-0.0037777872445682683
X_feature_price_downside_vol10,4,2008-03-20,-0.004652984673157334
X_feature_price_downside_vol10,5,2010-08-06,-0.004065870074555278
X_feature_price_downside_vol10,6,2012-12-24,-0.003440605321278175
X_feature_price_downside_vol10,7,2015-05-14,-0.0032123716082423925
X_feature_price_downside_vol10,8,2017-09-29,-0.0036601158790290356
X_feature_price_downside_vol10,9,2020-02-20,-0.00326254164489607
X_feature_price_downside_vol10,10,2022-07-08,-0.0034816336507598558
X_feature_price_downside_vol10,11,2024-11-25,-0.0035046588939925036
X_feature_price_downside_vol126,0,1998-09-03,-0.011753931952019533
X_feature_price_downside_vol126,1,2001-01-22,-0.007199551289280255
X_feature_price_downside_vol126,2,2003-06-13,-0.0055569120061894255
X_feature_price_downside_vol126,3,2005-10-28,-0.004371773141125838
X_feature_price_downside_vol126,4,2008-03-20,-0.004515827012558778
X_feature_price_downside_vol126,5,2010-08-06,-0.006588061029712359
X_feature_price_downside_vol126,6,2012-12-24,-0.006612754892557859
X_feature_price_downside_vol126,7,2015-05-14,-0.006039425420264403
X_feature_price_downside_vol126,8,2017-09-29,-0.00552762175599734
X_feature_price_downside_vol126,9,2020-02-20,-0.005279218622793754
X_feature_price_downside_vol126,10,2022-07-08,-0.003559486552452048
X_feature_price_downside_vol126,11,2024-11-25,-0.0037621622905135155
X_feature_price_downside_vol21,0,1998-09-03,-0.0013741838047280908
X_feature_price_downside_vol21,1,2001-01-22,-0.0016488427063450217
X_feature_price_downside_vol21,2,2003-06-13,-0.0023856038072456918
X_feature_price_downside_vol21,3,2005-10-28,-0.002044925815425813
X_feature_price_downside_vol21,4,2008-03-20,-0.0032826172343144813
X_feature_price_downside_vol21,5,2010-08-06,-0.0040755899002154665
X_feature_price_downside_vol21,6,2012-12-24,-0.0040404835405449075
X_feature_price_downside_vol21,7,2015-05-14,-0.0040040952153503895
X_feature_price_downside_vol21,8,2017-09-29,-0.005154590432842572
X_feature_price_downside_vol21,9,2020-02-20,-0.004835273915280898
X_feature_price_downside_vol21,10,2022-07-08,-0.004463416834672292
X_feature_price_downside_vol21,11,2024-11-25,-0.004393251457562049
X_feature_price_downside_vol63,0,1998-09-03,-0.0039656444763143854
X_feature_price_downside_vol63,1,2001-01-22,-0.003711817009995381
X_feature_price_downside_vol63,2,2003-06-13,-0.004818091324220101
X_feature_price_downside_vol63,3,2005-10-28,-0.005606431358804305
X_feature_price_downside_vol63,4,2008-03-20,-0.006055846965561311
X_feature_price_downside_vol63,5,2010-08-06,-0.004283015926678975
X_feature_price_downside_vol63,6,2012-12-24,-0.00412379849391679
X_feature_price_downside_vol63,7,2015-05-14,-0.005004892901827891
X_feature_price_downside_vol63,8,2017-09-29,-0.0033451555451999107
X_feature_price_downside_vol63,9,2020-02-20,-0.0038614125611881414
X_feature_price_downside_vol63,10,2022-07-08,-0.003918115748092532
X_feature_price_downside_vol63,11,2024-11-25,-0.003732384881004691
X_feature_price_final_to_high252_exclude21,0,1998-09-03,-0.0024204456713050604
X_feature_price_final_to_high252_exclude21,1,2001-01-22,0.0009008722748452177
X_feature_price_final_to_high252_exclude21,2,2003-06-13,0.0032581957833220563
X_feature_price_final_to_high252_exclude21,3,2005-10-28,0.00013823140761815012
X_feature_price_final_to_high252_exclude21,4,2008-03-20,0.0017511500821759303
X_feature_price_final_to_high252_exclude21,5,2010-08-06,0.0012340918571377795
X_feature_price_final_to_high252_exclude21,6,2012-12-24,0.0014987153699621558
X_feature_price_final_to_high252_exclude21,7,2015-05-14,0.0012553096942914028
X_feature_price_final_to_high252_exclude21,8,2017-09-29,0.0012191567802801728
X_feature_price_final_to_high252_exclude21,9,2020-02-20,0.0011321738905583818
X_feature_price_final_to_high252_exclude21,10,2022-07-08,0.0009316165621081988
X_feature_price_final_to_high252_exclude21,11,2024-11-25,0.001379328896291554
X_feature_price_final_to_high90_exclude10,0,1998-09-03,-0.0072901130964358645
X_feature_price_final_to_high90_exclude10,1,2001-01-22,-0.004054120974615216
X_feature_price_final_to_high90_exclude10,2,2003-06-13,-0.00553669889147083
X_feature_price_final_to_high90_exclude10,3,2005-10-28,-0.005965233004341523
X_feature_price_final_to_high90_exclude10,4,2008-03-20,-0.004412110894918442
X_feature_price_final_to_high90_exclude10,5,2010-08-06,-0.00355798137995104
X_feature_price_final_to_high90_exclude10,6,2012-12-24,-0.0037012402899563313
X_feature_price_final_to_high90_exclude10,7,2015-05-14,-0.0034064930708458028
X_feature_price_final_to_high90_exclude10,8,2017-09-29,-0.0028801754427452884
X_feature_price_final_to_high90_exclude10,9,2020-02-20,-0.003029193185890714
X_feature_price_final_to_high90_exclude10,10,2022-07-08,-0.0023292740806937218
X_feature_price_final_to_high90_exclude10,11,2024-11-25,-0.00229427016650637
X_feature_price_freq_loss_fl21,0,1998-09-03,0.013036368104318777
X_feature_price_freq_loss_fl21,1,2001-01-22,0.01068042404949665
X_feature_price_freq_loss_fl21,2,2003-06-13,0.00877251165608565
X_feature_price_freq_loss_fl21,3,2005-10-28,0.007004032998035352
X_feature_price_freq_loss_fl21,4,2008-03-20,0.006396688365687926
X_feature_price_freq_loss_fl21,5,2010-08-06,0.005721724747369687
X_feature_price_freq_loss_fl21,6,2012-12-24,0.004301464029898246
X_feature_price_freq_loss_fl21,7,2015-05-14,0.004456314879159133
X_feature_price_freq_loss_fl21,8,2017-09-29,0.004190359885493915
X_feature_price_freq_loss_fl21,9,2020-02-20,0.004776535245279471
X_feature_price_freq_loss_fl21,10,2022-07-08,0.00449489817644159
X_feature_price_freq_loss_fl21,11,2024-11-25,0.004173542993764083
X_feature_price_freq_loss_fl252,0,1998-09-03,-0.010295721391836802
X_feature_price_freq_loss_fl252,1,2001-01-22,-0.012849060508112112
X_feature_price_freq_loss_fl252,2,2003-06-13,-0.012255346402525902
X_feature_price_freq_loss_fl252,3,2005-10-28,-0.009665247363348803
X_feature_price_freq_loss_fl252,4,2008-03-20,-0.0063300963180760545
X_feature_price_freq_loss_fl252,5,2010-08-06,-0.005862921165923278
X_feature_price_freq_loss_fl252,6,2012-12-24,-0.006114949006587267
X_feature_price_freq_loss_fl252,7,2015-05-14,-0.004696078908940156
X_feature_price_freq_loss_fl252,8,2017-09-29,-0.004794595918307702
X_feature_price_freq_loss_fl252,9,2020-02-20,-0.00416731849933664
X_feature_price_freq_loss_fl252,10,2022-07-08,-0.0038945923248926797
X_feature_price_freq_loss_fl252,11,2024-11-25,-0.004569160286337137
X_feature_price_freq_loss_fl63,0,1998-09-03,0.005518126456687848
X_feature_price_freq_loss_fl63,1,2001-01-22,-0.0001458538075288137
X_feature_price_freq_loss_fl63,2,2003-06-13,0.0010105758750190337
X_feature_price_freq_loss_fl63,3,2005-10-28,0.002249877822274963
X_feature_price_freq_loss_fl63,4,2008-03-20,0.0008121101418510079
X_feature_price_freq_loss_fl63,5,2010-08-06,0.0006591335210638741
X_feature_price_freq_loss_fl63,6,2012-12-24,0.000844610195296506
X_feature_price_freq_loss_fl63,7,2015-05-14,0.00016562598041976648
X_feature_price_freq_loss_fl63,8,2017-09-29,-0.0006405644623252252
X_feature_price_freq_loss_fl63,9,2020-02-20,-0.001445131259970367
X_feature_price_freq_loss_fl63,10,2022-07-08,-0.0011716863761345546
X_feature_price_freq_loss_fl63,11,2024-11-25,-0.0003633830250085642
X_feature_price_freq_loss_fl756,0,1998-09-03,-0.004718395881354809
X_feature_price_freq_loss_fl756,1,2001-01-22,0.005971282099684079
X_feature_price_freq_loss_fl756,2,2003-06-13,0.004789378649244706
X_feature_price_freq_loss_fl756,3,2005-10-28,-0.0010887902462854981
X_feature_price_freq_loss_fl756,4,2008-03-20,-0.002455012251933416
X_feature_price_freq_loss_fl756,5,2010-08-06,-0.003272381378337741
X_feature_price_freq_loss_fl756,6,2012-12-24,-0.00453509312743942
X_feature_price_freq_loss_fl756,7,2015-05-14,-0.004567282119144996
X_feature_price_freq_loss_fl756,8,2017-09-29,-0.005321960741033156
X_feature_price_freq_loss_fl756,9,2020-02-20,-0.006572909032305081
X_feature_price_freq_loss_fl756,10,2022-07-08,-0.005923394268999497
X_feature_price_freq_loss_fl756,11,2024-11-25,-0.006726303758720557
X_feature_price_high_to_initial126_exclude21,0,1998-09-03,-0.010781535878777504
X_feature_price_high_to_initial126_exclude21,1,2001-01-22,-0.0017208141507580876
X_feature_price_high_to_initial126_exclude21,2,2003-06-13,-0.0014134608985235293
X_feature_price_high_to_initial126_exclude21,3,2005-10-28,-0.0007200383891661962
X_feature_price_high_to_initial126_exclude21,4,2008-03-20,-0.00021874691204478344
X_feature_price_high_to_initial126_exclude21,5,2010-08-06,0.0004935253091389313
X_feature_price_high_to_initial126_exclude21,6,2012-12-24,-0.0005621929982832322
X_feature_price_high_to_initial126_exclude21,7,2015-05-14,-0.0015462765004485846
X_feature_price_high_to_initial126_exclude21,8,2017-09-29,-0.0021710204891860485
X_feature_price_high_to_initial126_exclude21,9,2020-02-20,-0.0024209904174009957
X_feature_price_high_to_initial126_exclude21,10,2022-07-08,-0.0019176504962767165
X_feature_price_high_to_initial126_exclude21,11,2024-11-25,-0.0016183143404001992
X_feature_price_high_to_initial252_exclude21,0,1998-09-03,0.014517413452267647
X_feature_price_high_to_initial252_exclude21,1,2001-01-22,0.00996469333767891
X_feature_price_high_to_initial252_exclude21,2,2003-06-13,0.008605880041917166
X_feature_price_high_to_initial252_exclude21,3,2005-10-28,0.00320496402370433
X_feature_price_high_to_initial252_exclude21,4,2008-03-20,0.0012190552661195397
X_feature_price_high_to_initial252_exclude21,5,2010-08-06,0.0006095399439800531
X_feature_price_high_to_initial252_exclude21,6,2012-12-24,0.00257984323737522
X_feature_price_high_to_initial252_exclude21,7,2015-05-14,0.0024361102065692344
X_feature_price_high_to_initial252_exclude21,8,2017-09-29,0.0005362892698030919
X_feature_price_high_to_initial252_exclude21,9,2020-02-20,0.00032373368837094557
X_feature_price_high_to_initial252_exclude21,10,2022-07-08,-0.0003267056478459078
X_feature_price_high_to_initial252_exclude21,11,2024-11-25,0.0007077077558885018
X_feature_price_high_to_initial90_exclude10,0,1998-09-03,-0.02253708243370056
X_feature_price_high_to_initial90_exclude10,1,2001-01-22,-0.019947959731022518
X_feature_price_high_to_initial90_exclude10,2,2003-06-13,-0.014068983184794584
X_feature_price_high_to_initial90_exclude10,3,2005-10-28,-0.012585015967488289
X_feature_price_high_to_initial90_exclude10,4,2008-03-20,-0.009642288399239382
X_feature_price_high_to_initial90_exclude10,5,2010-08-06,-0.007544753296921651
X_feature_price_high_to_initial90_exclude10,6,2012-12-24,-0.009369205062588057
X_feature_price_high_to_initial90_exclude10,7,2015-05-14,-0.008651026214162508
X_feature_price_high_to_initial90_exclude10,8,2017-09-29,-0.0070610738669832545
X_feature_price_high_to_initial90_exclude10,9,2020-02-20,-0.0066373345131675405
X_feature_price_high_to_initial90_exclude10,10,2022-07-08,-0.005041386776914199
X_feature_price_high_to_initial90_exclude10,11,2024-11-25,-0.005137130152434111
X_feature_price_lag1,0,1998-09-03,-0.003349957366784414
X_feature_price_lag1,1,2001-01-22,-0.003761609007293979
X_feature_price_lag1,2,2003-06-13,-0.0025438281227252446
X_feature_price_lag1,3,2005-10-28,-0.0019215813372284174
X_feature_price_lag1,4,2008-03-20,-0.0014901329947557922
X_feature_price_lag1,5,2010-08-06,-0.001180965882667806
X_feature_price_lag1,6,2012-12-24,-0.0010110653917460393
X_feature_price_lag1,7,2015-05-14,-0.0009848007102846168
X_feature_price_lag1,8,2017-09-29,-0.000961643410846591
X_feature_price_lag1,9,2020-02-20,-0.0009478782109605769
X_feature_price_lag1,10,2022-07-08,-0.0011062155632923047
X_feature_price_lag1,11,2024-11-25,-0.0010056533161938812
X_feature_price_macd_10_21,0,1998-09-03,-0.019108646859725315
X_feature_price_macd_10_21,1,2001-01-22,-0.015983403660357
X_feature_price_macd_10_21,2,2003-06-13,-0.018040938302874565
X_feature_price_macd_10_21,3,2005-10-28,-0.019060793643196423
X_feature_price_macd_10_21,4,2008-03-20,-0.01779783268769582
X_feature_price_macd_10_21,5,2010-08-06,-0.018300430849194527
X_feature_price_macd_10_21,6,2012-12-24,-0.016653254628181458
X_feature_price_macd_10_21,7,2015-05-14,-0.014923282278080782
X_feature_price_macd_10_21,8,2017-09-29,-0.01356233066568772
X_feature_price_macd_10_21,9,2020-02-20,-0.011397724350293478
X_feature_price_macd_10_21,10,2022-07-08,-0.010800499779482683
X_feature_price_macd_10_21,11,2024-11-25,-0.010205144373079142
X_feature_price_macd_21_126,0,1998-09-03,0.003839836067830523
X_feature_price_macd_21_126,1,2001-01-22,0.0031259149157752595
X_feature_price_macd_21_126,2,2003-06-13,0.000945206789765507
X_feature_price_macd_21_126,3,2005-10-28,0.0004950773533588896
X_feature_price_macd_21_126,4,2008-03-20,-0.000595851510297507
X_feature_price_macd_21_126,5,2010-08-06,0.0021837911723802486
X_feature_price_macd_21_126,6,2012-12-24,-0.000011054391507059336
X_feature_price_macd_21_126,7,2015-05-14,0.00014404440783740333
X_feature_price_macd_21_126,8,2017-09-29,0.0003669205664967497
X_feature_price_macd_21_126,9,2020-02-20,0.00022170321608427912
X_feature_price_macd_21_126,10,2022-07-08,0.0005712854520728191
X_feature_price_macd_21_126,11,2024-11-25,0.0001777937141014263
X_feature_price_macd_21_252,0,1998-09-03,0.012274696181217829
X_feature_price_macd_21_252,1,2001-01-22,-0.008365434439231953
X_feature_price_macd_21_252,2,2003-06-13,-0.011584127321839333
X_feature_price_macd_21_252,3,2005-10-28,-0.010356750649710497
X_feature_price_macd_21_252,4,2008-03-20,-0.008645164159437021
X_feature_price_macd_21_252,5,2010-08-06,-0.005751409878333409
X_feature_price_macd_21_252,6,2012-12-24,-0.003094200510531664
X_feature_price_macd_21_252,7,2015-05-14,-0.0030717655705908933
X_feature_price_macd_21_252,8,2017-09-29,-0.00341597703906397
X_feature_price_macd_21_252,9,2020-02-20,-0.003189950715750456
X_feature_price_macd_21_252,10,2022-07-08,-0.002917437581345439
X_feature_price_macd_21_252,11,2024-11-25,-0.0024689300917088985
X_feature_price_price_to_ma10,0,1998-09-03,-0.005140829365700483
X_feature_price_price_to_ma10,1,2001-01-22,-0.005332030511150758
X_feature_price_price_to_ma10,2,2003-06-13,-0.0026004170067608356
X_feature_price_price_to_ma10,3,2005-10-28,-0.0016803911809499066
X_feature_price_price_to_ma10,4,2008-03-20,-0.0017868044863765438
X_feature_price_price_to_ma10,5,2010-08-06,-0.0013897981649885576
X_feature_price_price_to_ma10,6,2012-12-24,-0.0009747082755590478
X_feature_price_price_to_ma10,7,2015-05-14,-0.0007477576727978885
X_feature_price_price_to_ma10,8,2017-09-29,-0.0010656919330358505
X_feature_price_price_to_ma10,9,2020-02-20,-0.0011996355994294088
X_feature_price_price_to_ma10,10,2022-07-08,-0.0009241639636456966
X_feature_price_price_to_ma10,11,2024-11-25,-0.0006648338166996837
X_feature_price_price_to_ma21,0,1998-09-03,-0.006000840725998084
X_feature_price_price_to_ma21,1,2001-01-22,-0.0037702942111839852
X_feature_price_price_to_ma21,2,2003-06-13,-0.0014464598498307168
X_feature_price_price_to_ma21,3,2005-10-28,-0.0006114526089125624
X_feature_price_price_to_ma21,4,2008-03-20,-0.0014555254407847922
X_feature_price_price_to_ma21,5,2010-08-06,0.00005601088438803951
X_feature_price_price_to_ma21,6,2012-12-24,0.0002707496799606209
X_feature_price_price_to_ma21,7,2015-05-14,0.0003610965844321375
X_feature_price_price_to_ma21,8,2017-09-29,-0.00020381434539255375
X_feature_price_price_to_ma21,9,2020-02-20,-0.001025285222567618
X_feature_price_price_to_ma21,10,2022-07-08,-0.0003800498307100497
X_feature_price_price_to_ma21,11,2024-11-25,0.0003413578087929636
X_feature_price_price_to_ma252,0,1998-09-03,0.00760213394338886
X_feature_price_price_to_ma252,1,2001-01-22,0.00892765261232853
X_feature_price_price_to_ma252,2,2003-06-13,0.004617654097576936
X_feature_price_price_to_ma252,3,2005-10-28,0.006564640440046787
X_feature_price_price_to_ma252,4,2008-03-20,0.007678220514208078
X_feature_price_price_to_ma252,5,2010-08-06,0.001196964217039446
X_feature_price_price_to_ma252,6,2012-12-24,0.0029538668847332397
X_feature_price_price_to_ma252,7,2015-05-14,0.0020640407844136157
X_feature_price_price_to_ma252,8,2017-09-29,0.001999859892142316
X_feature_price_price_to_ma252,9,2020-02-20,0.003358126307527224
X_feature_price_price_to_ma252,10,2022-07-08,0.002981067169457674
X_feature_price_price_to_ma252,11,2024-11-25,0.003320591291412711
X_feature_price_price_to_ma63,0,1998-09-03,-0.004876049235463142
X_feature_price_price_to_ma63,1,2001-01-22,-0.002962044362599651
X_feature_price_price_to_ma63,2,2003-06-13,-0.004596478150536616
X_feature_price_price_to_ma63,3,2005-10-28,-0.0010183921937520306
X_feature_price_price_to_ma63,4,2008-03-20,0.0008786072139628232
X_feature_price_price_to_ma63,5,2010-08-06,-0.0010813834572521348
X_feature_price_price_to_ma63,6,2012-12-24,-0.0008165528415702283
X_feature_price_price_to_ma63,7,2015-05-14,-0.00020965391498369476
X_feature_price_price_to_ma63,8,2017-09-29,-0.0003433005589007128
X_feature_price_price_to_ma63,9,2020-02-20,-0.0003443246757039257
X_feature_price_price_to_ma63,10,2022-07-08,-0.00168089607420067
X_feature_price_price_to_ma63,11,2024-11-25,-0.0006818446951607863
X_feature_price_price_to_max252,0,1998-09-03,0.004203091996411483
X_feature_price_price_to_max252,1,2001-01-22,0.007521512762953837
X_feature_price_price_to_max252,2,2003-06-13,0.003632150279978911
X_feature_price_price_to_max252,3,2005-10-28,0.007979256256173054
X_feature_price_price_to_max252,4,2008-03-20,0.00966586514065663
X_feature_price_price_to_max252,5,2010-08-06,0.007997914217412472
X_feature_price_price_to_max252,6,2012-12-24,0.008271201824148497
X_feature_price_price_to_max252,7,2015-05-14,0.008542976652582487
X_feature_price_price_to_max252,8,2017-09-29,0.00858550767103831
X_feature_price_price_to_max252,9,2020-02-20,0.008286030031740665
X_feature_price_price_to_max252,10,2022-07-08,0.007332374652226766
X_feature_price_price_to_max252,11,2024-11-25,0.007697848603129387
X_feature_price_price_to_min10,0,1998-09-03,-0.0076361459990342455
X_feature_price_price_to_min10,1,2001-01-22,-0.006979486905038357
X_feature_price_price_to_min10,2,2003-06-13,-0.004283544219409426
X_feature_price_price_to_min10,3,2005-10-28,-0.004063240562876065
X_feature_price_price_to_min10,4,2008-03-20,-0.003999753622338176
X_feature_price_price_to_min10,5,2010-08-06,-0.0035731146732966104
X_feature_price_price_to_min10,6,2012-12-24,-0.003523169240603844
X_feature_price_price_to_min10,7,2015-05-14,-0.003814046736806631
X_feature_price_price_to_min10,8,2017-09-29,-0.003671924816444516
X_feature_price_price_to_min10,9,2020-02-20,-0.0035132561655094228
X_feature_price_price_to_min10,10,2022-07-08,-0.00332457742964228
X_feature_price_price_to_min10,11,2024-11-25,-0.00329382197620968
X_feature_price_price_to_min21,0,1998-09-03,-0.0054304843458036585
X_feature_price_price_to_min21,1,2001-01-22,-0.005462439885983865
X_feature_price_price_to_min21,2,2003-06-13,-0.004935760051012039
X_feature_price_price_to_min21,3,2005-10-28,-0.005400797817856073
X_feature_price_price_to_min21,4,2008-03-20,-0.005849719978868961
X_feature_price_price_to_min21,5,2010-08-06,-0.004967113025486469
X_feature_price_price_to_min21,6,2012-12-24,-0.005595774855464697
X_feature_price_price_to_min21,7,2015-05-14,-0.005809568489591281
X_feature_price_price_to_min21,8,2017-09-29,-0.0055207993524769945
X_feature_price_price_to_min21,9,2020-02-20,-0.004843934904783964
X_feature_price_price_to_min21,10,2022-07-08,-0.0042432247040172415
X_feature_price_price_to_min21,11,2024-11-25,-0.0035863146961977086
X_feature_price_price_to_min252,0,1998-09-03,0.0021424891504769525
X_feature_price_price_to_min252,1,2001-01-22,0.002254912358087798
X_feature_price_price_to_min252,2,2003-06-13,0.0006782458319018284
X_feature_price_price_to_min252,3,2005-10-28,0.0015305653602505724
X_feature_price_price_to_min252,4,2008-03-20,0.001470384537242353
X_feature_price_price_to_min252,5,2010-08-06,0.008418156765401363
X_feature_price_price_to_min252,6,2012-12-24,0.006884255291273196
X_feature_price_price_to_min252,7,2015-05-14,0.00650490711753567
X_feature_price_price_to_min252,8,2017-09-29,0.007369867370774348
X_feature_price_price_to_min252,9,2020-02-20,0.007408877369016409
X_feature_price_price_to_min252,10,2022-07-08,0.007499434985220432
X_feature_price_price_to_min252,11,2024-11-25,0.006834139892210563
X_feature_price_price_to_min5,0,1998-09-03,-0.008847320762773355
X_feature_price_price_to_min5,1,2001-01-22,-0.009724969354768595
X_feature_price_price_to_min5,2,2003-06-13,-0.008320948419471582
X_feature_price_price_to_min5,3,2005-10-28,-0.007264177470157544
X_feature_price_price_to_min5,4,2008-03-20,-0.007120326937486728
X_feature_price_price_to_min5,5,2010-08-06,-0.006493351732691129
X_feature_price_price_to_min5,6,2012-12-24,-0.005561099232484897
X_feature_price_price_to_min5,7,2015-05-14,-0.0049860174767673016
X_feature_price_price_to_min5,8,2017-09-29,-0.004714748977373044
X_feature_price_price_to_min5,9,2020-02-20,-0.004464568415035804
X_feature_price_price_to_min5,10,2022-07-08,-0.004331228633721669
X_feature_price_price_to_min5,11,2024-11-25,-0.00431985027777652
X_feature_price_price_to_min63,0,1998-09-03,-0.011514049954712391
X_feature_price_price_to_min63,1,2001-01-22,-0.01060984500994285
X_feature_price_price_to_min63,2,2003-06-13,-0.008848699430624643
X_feature_price_price_to_min63,3,2005-10-28,-0.01006848489244779
X_feature_price_price_to_min63,4,2008-03-20,-0.009064125207563242
X_feature_price_price_to_min63,5,2010-08-06,-0.005257382678488891
X_feature_price_price_to_min63,6,2012-12-24,-0.004565915868928035
X_feature_price_price_to_min63,7,2015-05-14,-0.005692984908819199
X_feature_price_price_to_min63,8,2017-09-29,-0.0045578754507005215
X_feature_price_price_to_min63,9,2020-02-20,-0.004106181828926007
X_feature_price_price_to_min63,10,2022-07-08,-0.004271716655542453
X_feature_price_price_to_min63,11,2024-11-25,-0.003610934829339385
X_feature_price_ret10_shift0,0,1998-09-03,-0.006698564315835635
X_feature_price_ret10_shift0,1,2001-01-22,-0.006752226191262404
X_feature_price_ret10_shift0,2,2003-06-13,-0.004873228259384632
X_feature_price_ret10_shift0,3,2005-10-28,-0.0037772641517221928
X_feature_price_ret10_shift0,4,2008-03-20,-0.004188878228887916
X_feature_price_ret10_shift0,5,2010-08-06,-0.002963010842601458
X_feature_price_ret10_shift0,6,2012-12-24,-0.0029289265318463245
X_feature_price_ret10_shift0,7,2015-05-14,-0.0026514952381451926
X_feature_price_ret10_shift0,8,2017-09-29,-0.002679898558805386
X_feature_price_ret10_shift0,9,2020-02-20,-0.0029355123018225036
X_feature_price_ret10_shift0,10,2022-07-08,-0.001929891489756604
X_feature_price_ret10_shift0,11,2024-11-25,-0.0017882095417007804
X_feature_price_ret21_shift0,0,1998-09-03,-0.007738796062767506
X_feature_price_ret21_shift0,1,2001-01-22,-0.003873360576108098
X_feature_price_ret21_shift0,2,2003-06-13,-0.002802665422980984
X_feature_price_ret21_shift0,3,2005-10-28,-0.003092402902742227
X_feature_price_ret21_shift0,4,2008-03-20,-0.003167913993820548
X_feature_price_ret21_shift0,5,2010-08-06,-0.0012537397754689057
X_feature_price_ret21_shift0,6,2012-12-24,-0.001162924609767894
X_feature_price_ret21_shift0,7,2015-05-14,-0.0009314375735508899
X_feature_price_ret21_shift0,8,2017-09-29,-0.00094783422537148
X_feature_price_ret21_shift0,9,2020-02-20,-0.002188508321220676
X_feature_price_ret21_shift0,10,2022-07-08,-0.0023347295355051756
X_feature_price_ret21_shift0,11,2024-11-25,-0.0013343232761447628
X_feature_price_ret252_shift0,0,1998-09-03,0.015392253175377846
X_feature_price_ret252_shift0,1,2001-01-22,0.017302134384711582
X_feature_price_ret252_shift0,2,2003-06-13,0.017386166378855705
X_feature_price_ret252_shift0,3,2005-10-28,0.013792473822832108
X_feature_price_ret252_shift0,4,2008-03-20,0.01135852032651504
X_feature_price_ret252_shift0,5,2010-08-06,0.003550830685223142
X_feature_price_ret252_shift0,6,2012-12-24,0.006664124317467213
X_feature_price_ret252_shift0,7,2015-05-14,0.006513893914719422
X_feature_price_ret252_shift0,8,2017-09-29,0.0058575912068287534
X_feature_price_ret252_shift0,9,2020-02-20,0.00502513333534201
X_feature_price_ret252_shift0,10,2022-07-08,0.0027529374541093907
X_feature_price_ret252_shift0,11,2024-11-25,0.0032972194409618774
X_feature_price_ret5_shift0,0,1998-09-03,-0.0030758293190350137
X_feature_price_ret5_shift0,1,2001-01-22,-0.004093565434838335
X_feature_price_ret5_shift0,2,2003-06-13,-0.0018850505390825372
X_feature_price_ret5_shift0,3,2005-10-28,-0.0015120589911627273
X_feature_price_ret5_shift0,4,2008-03-20,-0.0015340551229504247
X_feature_price_ret5_shift0,5,2010-08-06,-0.0012371395714581013
X_feature_price_ret5_shift0,6,2012-12-24,-0.0007026479579508305
X_feature_price_ret5_shift0,7,2015-05-14,-0.0007014709408394992
X_feature_price_ret5_shift0,8,2017-09-29,-0.0006998109020059928
X_feature_price_ret5_shift0,9,2020-02-20,-0.0005856649089158358
X_feature_price_ret5_shift0,10,2022-07-08,-0.0005251082310072283
X_feature_price_ret5_shift0,11,2024-11-25,-0.0005326817433039347
X_feature_price_ret90_shift0,0,1998-09-03,0.005047316352526347
X_feature_price_ret90_shift0,1,2001-01-22,-0.00008067971733301722
X_feature_price_ret90_shift0,2,2003-06-13,-0.002300532457108299
X_feature_price_ret90_shift0,3,2005-10-28,-0.0017010717807958524
X_feature_price_ret90_shift0,4,2008-03-20,-0.00030808141552067053
X_feature_price_ret90_shift0,5,2010-08-06,-0.0006970963149797171
X_feature_price_ret90_shift0,6,2012-12-24,-0.00050584007112775
X_feature_price_ret90_shift0,7,2015-05-14,-0.0005806018113313863
X_feature_price_ret90_shift0,8,2017-09-29,-0.0006769309984520078
X_feature_price_ret90_shift0,9,2020-02-20,-0.0023125700342158475
X_feature_price_ret90_shift0,10,2022-07-08,-0.0005078146156544486
X_feature_price_ret90_shift0,11,2024-11-25,-0.0014908598580708106
X_feature_price_sharpe_ratio_compound_r126_volatility126_rolling,0,1998-09-03,0.010724293688933054
X_feature_price_sharpe_ratio_compound_r126_volatility126_rolling,1,2001-01-22,0.009770292788743973
X_feature_price_sharpe_ratio_compound_r126_volatility126_rolling,2,2003-06-13,0.0177994513263305
X_feature_price_sharpe_ratio_compound_r126_volatility126_rolling,3,2005-10-28,0.015195485514899095
X_feature_price_sharpe_ratio_compound_r126_volatility126_rolling,4,2008-03-20,0.014120989789565405
X_feature_price_sharpe_ratio_compound_r126_volatility126_rolling,5,2010-08-06,0.012494639493525028
X_feature_price_sharpe_ratio_compound_r126_volatility126_rolling,6,2012-12-24,0.011570220813155174
X_feature_price_sharpe_ratio_compound_r126_volatility126_rolling,7,2015-05-14,0.010817847835520903
X_feature_price_sharpe_ratio_compound_r126_volatility126_rolling,8,2017-09-29,0.010057043905059496
X_feature_price_sharpe_ratio_compound_r126_volatility126_rolling,9,2020-02-20,0.009349756253262361
X_feature_price_sharpe_ratio_compound_r126_volatility126_rolling,10,2022-07-08,0.007961528686185678
X_feature_price_sharpe_ratio_compound_r126_volatility126_rolling,11,2024-11-25,0.006744325316200654
X_feature_price_sharpe_ratio_compound_r63_volatility63_rolling,0,1998-09-03,0.006912986282259226
X_feature_price_sharpe_ratio_compound_r63_volatility63_rolling,1,2001-01-22,0.0010946033289656043
X_feature_price_sharpe_ratio_compound_r63_volatility63_rolling,2,2003-06-13,0.004876097198575735
X_feature_price_sharpe_ratio_compound_r63_volatility63_rolling,3,2005-10-28,0.003575352563833197
X_feature_price_sharpe_ratio_compound_r63_volatility63_rolling,4,2008-03-20,0.004193274925152461
X_feature_price_sharpe_ratio_compound_r63_volatility63_rolling,5,2010-08-06,0.0030218781903386116
X_feature_price_sharpe_ratio_compound_r63_volatility63_rolling,6,2012-12-24,0.003450939664617181
X_feature_price_sharpe_ratio_compound_r63_volatility63_rolling,7,2015-05-14,0.003875791405638059
X_feature_price_sharpe_ratio_compound_r63_volatility63_rolling,8,2017-09-29,0.0029739946282158294
X_feature_price_sharpe_ratio_compound_r63_volatility63_rolling,9,2020-02-20,0.004162215162068605
X_feature_price_sharpe_ratio_compound_r63_volatility63_rolling,10,2022-07-08,0.0053781297368307905
X_feature_price_sharpe_ratio_compound_r63_volatility63_rolling,11,2024-11-25,0.003588365623727441
X_feature_price_trend_streak200_126,0,1998-09-03,0.0002769007842289284
X_feature_price_trend_streak200_126,1,2001-01-22,0.0036064600571990013
X_feature_price_trend_streak200_126,2,2003-06-13,0.004495553517093261
X_feature_price_trend_streak200_126,3,2005-10-28,0.006340762289861838
X_feature_price_trend_streak200_126,4,2008-03-20,0.0044869241925577326
X_feature_price_trend_streak200_126,5,2010-08-06,0.005552797423054774
X_feature_price_trend_streak200_126,6,2012-12-24,0.0032298543956130743
X_feature_price_trend_streak200_126,7,2015-05-14,0.0026604969364901385
X_feature_price_trend_streak200_126,8,2017-09-29,0.002347406931221485
X_feature_price_trend_streak200_126,9,2020-02-20,0.002899327858661612
X_feature_price_trend_streak200_126,10,2022-07-08,0.0011655707300330203
X_feature_price_trend_streak200_126,11,2024-11-25,0.0010229091470440228
X_feature_price_trend_streak200_252,0,1998-09-03,0.00398765675102671
X_feature_price_trend_streak200_252,1,2001-01-22,0.00112302164779976
X_feature_price_trend_streak200_252,2,2003-06-13,0.004388280523320039
X_feature_price_trend_streak200_252,3,2005-10-28,0.0008765803455996016
X_feature_price_trend_streak200_252,4,2008-03-20,-0.002756439925481876
X_feature_price_trend_streak200_252,5,2010-08-06,-0.0026832593915363154
X_feature_price_trend_streak200_252,6,2012-12-24,-0.0007852712102855245
X_feature_price_trend_streak200_252,7,2015-05-14,-0.0011693542085898418
X_feature_price_trend_streak200_252,8,2017-09-29,-0.0014831494772806764
X_feature_price_trend_streak200_252,9,2020-02-20,-0.002691056113690138
X_feature_price_trend_streak200_252,10,2022-07-08,0.00005098097608424723
X_feature_price_trend_streak200_252,11,2024-11-25,-0.00018328050767498402
X_feature_price_trend_streak200_504,0,1998-09-03,0.006063125561922789
X_feature_price_trend_streak200_504,1,2001-01-22,-0.0027893321433415017
X_feature_price_trend_streak200_504,2,2003-06-13,-0.0019378802195812266
X_feature_price_trend_streak200_504,3,2005-10-28,0.004593129424999158
X_feature_price_trend_streak200_504,4,2008-03-20,0.006915792201956113
X_feature_price_trend_streak200_504,5,2010-08-06,0.008084449917078018
X_feature_price_trend_streak200_504,6,2012-12-24,0.00942131970077753
X_feature_price_trend_streak200_504,7,2015-05-14,0.008432124430934588
X_feature_price_trend_streak200_504,8,2017-09-29,0.00869771745055914
X_feature_price_trend_streak200_504,9,2020-02-20,0.008015677953759829
X_feature_price_trend_streak200_504,10,2022-07-08,0.0074908253736793995
X_feature_price_trend_streak200_504,11,2024-11-25,0.00768257553378741
X_feature_price_upside_vol10,0,1998-09-03,-0.00013838785040813187
X_feature_price_upside_vol10,1,2001-01-22,-0.00126629745742927
X_feature_price_upside_vol10,2,2003-06-13,-0.0022446335836624107
X_feature_price_upside_vol10,3,2005-10-28,-0.002905772222826878
X_feature_price_upside_vol10,4,2008-03-20,-0.0034022285447766385
X_feature_price_upside_vol10,5,2010-08-06,-0.0028513070040692887
X_feature_price_upside_vol10,6,2012-12-24,-0.0026875672241051993
X_feature_price_upside_vol10,7,2015-05-14,-0.0022791889496147633
X_feature_price_upside_vol10,8,2017-09-29,-0.0012534269286940496
X_feature_price_upside_vol10,9,2020-02-20,-0.0014381404810895522
X_feature_price_upside_vol10,10,2022-07-08,-0.0023990885820239782
X_feature_price_upside_vol10,11,2024-11-25,-0.0021223854661608734
X_feature_price_upside_vol21,0,1998-09-03,-0.0032810526123891273
X_feature_price_upside_vol21,1,2001-01-22,-0.0031873101834207773
X_feature_price_upside_vol21,2,2003-06-13,-0.0038728058959047
X_feature_price_upside_vol21,3,2005-10-28,-0.003101975036164125
X_feature_price_upside_vol21,4,2008-03-20,-0.0012993898320322235
X_feature_price_upside_vol21,5,2010-08-06,-0.000997231885169943
X_feature_price_upside_vol21,6,2012-12-24,-0.0006837459222879261
X_feature_price_upside_vol21,7,2015-05-14,-0.00032796302063313004
X_feature_price_upside_vol21,8,2017-09-29,0.0007402684229115645
X_feature_price_upside_vol21,9,2020-02-20,0.0004704527867337068
X_feature_price_upside_vol21,10,2022-07-08,-0.00036552606616169214
X_feature_price_upside_vol21,11,2024-11-25,-5.991708652193968e-6
X_feature_price_upside_vol63,0,1998-09-03,0.00379876916607221
X_feature_price_upside_vol63,1,2001-01-22,0.001076077266285817
X_feature_price_upside_vol63,2,2003-06-13,-0.0005286037485348061
X_feature_price_upside_vol63,3,2005-10-28,0.003096023186420401
X_feature_price_upside_vol63,4,2008-03-20,0.0012344796171722312
X_feature_price_upside_vol63,5,2010-08-06,0.0019255188526585698
X_feature_price_upside_vol63,6,2012-12-24,0.002597332621614138
X_feature_price_upside_vol63,7,2015-05-14,0.002757192589342594
X_feature_price_upside_vol63,8,2017-09-29,0.0033479531606038413
X_feature_price_upside_vol63,9,2020-02-20,0.002791346594070395
X_feature_price_upside_vol63,10,2022-07-08,0.0023021530359983444
X_feature_price_upside_vol63,11,2024-11-25,0.0024195609924693904
X_feature_price_vol10,0,1998-09-03,-0.0019166139730562766
X_feature_price_vol10,1,2001-01-22,-0.0011750581325031817
X_feature_price_vol10,2,2003-06-13,-0.0023031721357256174
X_feature_price_vol10,3,2005-10-28,-0.0024615535512566566
X_feature_price_vol10,4,2008-03-20,-0.0028069886999825635
X_feature_price_vol10,5,2010-08-06,-0.0028892491633693376
X_feature_price_vol10,6,2012-12-24,-0.0026255496001491943
X_feature_price_vol10,7,2015-05-14,-0.002193558340271314
X_feature_price_vol10,8,2017-09-29,-0.002257922121013204
X_feature_price_vol10,9,2020-02-20,-0.002457020881896218
X_feature_price_vol10,10,2022-07-08,-0.0028140270927300057
X_feature_price_vol10,11,2024-11-25,-0.002483044440547625
X_feature_price_vol252,0,1998-09-03,0.0018173379357904196
X_feature_price_vol252,1,2001-01-22,0.005702276403705279
X_feature_price_vol252,2,2003-06-13,0.002279298147186637
X_feature_price_vol252,3,2005-10-28,0.002747727558016777
X_feature_price_vol252,4,2008-03-20,0.0043984102085232735
X_feature_price_vol252,5,2010-08-06,0.002590510373314222
X_feature_price_vol252,6,2012-12-24,0.0013355337626611192
X_feature_price_vol252,7,2015-05-14,0.0030509550124406815
X_feature_price_vol252,8,2017-09-29,0.0017788942980890472
X_feature_price_vol252,9,2020-02-20,0.0020715382415801287
X_feature_price_vol252,10,2022-07-08,0.0027600047178566456
X_feature_price_vol252,11,2024-11-25,0.002518614288419485
X_feature_pv_illiquidity_mean21,0,1998-09-03,-0.022028981397549312
X_feature_pv_illiquidity_mean21,1,2001-01-22,-0.023071841647227604
X_feature_pv_illiquidity_mean21,2,2003-06-13,-0.015489316545426846
X_feature_pv_illiquidity_mean21,3,2005-10-28,-0.011445031811793646
X_feature_pv_illiquidity_mean21,4,2008-03-20,-0.010549466436107954
X_feature_pv_illiquidity_mean21,5,2010-08-06,-0.006720858470847209
X_feature_pv_illiquidity_mean21,6,2012-12-24,-0.006063754049440225
X_feature_pv_illiquidity_mean21,7,2015-05-14,-0.006408835761249065
X_feature_pv_illiquidity_mean21,8,2017-09-29,-0.006258171206961076
X_feature_pv_illiquidity_mean21,9,2020-02-20,-0.008109870987633864
X_feature_pv_illiquidity_mean21,10,2022-07-08,-0.007846524007618427
X_feature_pv_illiquidity_mean21,11,2024-11-25,-0.008038721047341824
X_feature_pv_pv_corr126,0,1998-09-03,-0.0021526558169474206
X_feature_pv_pv_corr126,1,2001-01-22,-0.0025020192842930555
X_feature_pv_pv_corr126,2,2003-06-13,-0.004328896601994832
X_feature_pv_pv_corr126,3,2005-10-28,-0.004225462985535462
X_feature_pv_pv_corr126,4,2008-03-20,-0.003923041746020317
X_feature_pv_pv_corr126,5,2010-08-06,-0.0035755652158210673
X_feature_pv_pv_corr126,6,2012-12-24,-0.002781754437213143
X_feature_pv_pv_corr126,7,2015-05-14,-0.003562801439935962
X_feature_pv_pv_corr126,8,2017-09-29,-0.0047834354142347974
X_feature_pv_pv_corr126,9,2020-02-20,-0.004110330094893773
X_feature_pv_pv_corr126,10,2022-07-08,-0.004251517665882905
X_feature_pv_pv_corr126,11,2024-11-25,-0.00410065520554781
X_feature_pv_pv_corr21,0,1998-09-03,-0.002809471062694987
X_feature_pv_pv_corr21,1,2001-01-22,-0.000726877769920975
X_feature_pv_pv_corr21,2,2003-06-13,-0.0019592981164654097
X_feature_pv_pv_corr21,3,2005-10-28,0.0002577896472454692
X_feature_pv_pv_corr21,4,2008-03-20,-0.00019287113263999345
X_feature_pv_pv_corr21,5,2010-08-06,-0.001098260108847171
X_feature_pv_pv_corr21,6,2012-12-24,-0.0011114123820637662
X_feature_pv_pv_corr21,7,2015-05-14,-0.0006453463962922493
X_feature_pv_pv_corr21,8,2017-09-29,0.0002480500261299312
X_feature_pv_pv_corr21,9,2020-02-20,0.0001383289297033722
X_feature_pv_pv_corr21,10,2022-07-08,-0.0003459899501952653
X_feature_pv_pv_corr21,11,2024-11-25,-0.0005927010400531193
X_feature_pv_pv_corr63,0,1998-09-03,-0.0063497144728899
X_feature_pv_pv_corr63,1,2001-01-22,-0.00659112414966027
X_feature_pv_pv_corr63,2,2003-06-13,-0.004712337472786506
X_feature_pv_pv_corr63,3,2005-10-28,-0.003991492014999191
X_feature_pv_pv_corr63,4,2008-03-20,-0.005469654065867265
X_feature_pv_pv_corr63,5,2010-08-06,-0.006458992138504982
X_feature_pv_pv_corr63,6,2012-12-24,-0.005182590025166671
X_feature_pv_pv_corr63,7,2015-05-14,-0.00524881761521101
X_feature_pv_pv_corr63,8,2017-09-29,-0.0055174439524610834
X_feature_pv_pv_corr63,9,2020-02-20,-0.0057368882310887175
X_feature_pv_pv_corr63,10,2022-07-08,-0.005374648608267307
X_feature_pv_pv_corr63,11,2024-11-25,-0.00406245809669296
X_feature_short_interest_log_diff126,0,1998-09-03,-0.002516595646739006
X_feature_short_interest_log_diff126,1,2001-01-22,-0.005977036276211341
X_feature_short_interest_log_diff126,2,2003-06-13,-0.007949262081334988
X_feature_short_interest_log_diff126,3,2005-10-28,-0.006741927781452735
X_feature_short_interest_log_diff126,4,2008-03-20,-0.005426198709756136
X_feature_short_interest_log_diff126,5,2010-08-06,-0.005524858056257169
X_feature_short_interest_log_diff126,6,2012-12-24,-0.005787191912531853
X_feature_short_interest_log_diff126,7,2015-05-14,-0.004382716491818428
X_feature_short_interest_log_diff126,8,2017-09-29,-0.003518957644701004
X_feature_short_interest_log_diff126,9,2020-02-20,-0.0035423211908588805
X_feature_short_interest_log_diff126,10,2022-07-08,-0.0035715873818844557
X_feature_short_interest_log_diff126,11,2024-11-25,-0.003033369934807221
X_feature_short_interest_log_diff21,0,1998-09-03,-0.004835146479308605
X_feature_short_interest_log_diff21,1,2001-01-22,-0.0034899939006815353
X_feature_short_interest_log_diff21,2,2003-06-13,-0.001897671609185636
X_feature_short_interest_log_diff21,3,2005-10-28,-0.0009928358097871144
X_feature_short_interest_log_diff21,4,2008-03-20,-0.0012120777585854132
X_feature_short_interest_log_diff21,5,2010-08-06,-0.000173916234113373
X_feature_short_interest_log_diff21,6,2012-12-24,-0.0008920092950575054
X_feature_short_interest_log_diff21,7,2015-05-14,-0.001873347326181829
X_feature_short_interest_log_diff21,8,2017-09-29,-0.0021828136717279754
X_feature_short_interest_log_diff21,9,2020-02-20,-0.0025527257627497115
X_feature_short_interest_log_diff21,10,2022-07-08,-0.002630214594925443
X_feature_short_interest_log_diff21,11,2024-11-25,-0.0026761979485551515
X_feature_short_interest_log_diff252,0,1998-09-03,-0.004490166747321685
X_feature_short_interest_log_diff252,1,2001-01-22,-0.0027545792205880084
X_feature_short_interest_log_diff252,2,2003-06-13,-0.0030086088615159192
X_feature_short_interest_log_diff252,3,2005-10-28,-0.0036060705315321684
X_feature_short_interest_log_diff252,4,2008-03-20,-0.00442266883328557
X_feature_short_interest_log_diff252,5,2010-08-06,-0.004604670063902934
X_feature_short_interest_log_diff252,6,2012-12-24,-0.004127873107790947
X_feature_short_interest_log_diff252,7,2015-05-14,-0.0026110646625359855
X_feature_short_interest_log_diff252,8,2017-09-29,-0.00323968722174565
X_feature_short_interest_log_diff252,9,2020-02-20,-0.002751315711066127
X_feature_short_interest_log_diff252,10,2022-07-08,-0.0022870596343030534
X_feature_short_interest_log_diff252,11,2024-11-25,-0.002606868821506699
X_feature_short_interest_log_diff63,0,1998-09-03,-0.005901059291015069
X_feature_short_interest_log_diff63,1,2001-01-22,-0.000714759206554542
X_feature_short_interest_log_diff63,2,2003-06-13,-0.0028371593604485192
X_feature_short_interest_log_diff63,3,2005-10-28,-0.002474779263138771
X_feature_short_interest_log_diff63,4,2008-03-20,-0.0021760955763359866
X_feature_short_interest_log_diff63,5,2010-08-06,-0.0017061928908030193
X_feature_short_interest_log_diff63,6,2012-12-24,-0.001278809504583478
X_feature_short_interest_log_diff63,7,2015-05-14,-0.0010683968818436067
X_feature_short_interest_log_diff63,8,2017-09-29,-0.0012588201401134331
X_feature_short_interest_log_diff63,9,2020-02-20,-0.0013255836674943566
X_feature_short_interest_log_diff63,10,2022-07-08,-0.0015733985152716439
X_feature_short_interest_log_diff63,11,2024-11-25,-0.0010768635741745431
X_feature_short_interest_to_volume_log_ratio,0,1998-09-03,-0.016165347148974735
X_feature_short_interest_to_volume_log_ratio,1,2001-01-22,-0.01680329752465089
X_feature_short_interest_to_volume_log_ratio,2,2003-06-13,-0.01652519404888153
X_feature_short_interest_to_volume_log_ratio,3,2005-10-28,-0.014312859003742536
X_feature_short_interest_to_volume_log_ratio,4,2008-03-20,-0.015079856539765993
X_feature_short_interest_to_volume_log_ratio,5,2010-08-06,-0.013767588883638382
X_feature_short_interest_to_volume_log_ratio,6,2012-12-24,-0.012737280378739039
X_feature_short_interest_to_volume_log_ratio,7,2015-05-14,-0.011629155836999416
X_feature_short_interest_to_volume_log_ratio,8,2017-09-29,-0.01139035727828741
X_feature_short_interest_to_volume_log_ratio,9,2020-02-20,-0.010947460619111856
X_feature_short_interest_to_volume_log_ratio,10,2022-07-08,-0.010737836050490538
X_feature_short_interest_to_volume_log_ratio,11,2024-11-25,-0.010520035090545813
X_feature_short_interest_to_volume_log_ratio_mean252,0,1998-09-03,-0.005330567713826895
X_feature_short_interest_to_volume_log_ratio_mean252,1,2001-01-22,-0.002454172004945576
X_feature_short_interest_to_volume_log_ratio_mean252,2,2003-06-13,-0.0007218782945225636
X_feature_short_interest_to_volume_log_ratio_mean252,3,2005-10-28,-0.0014355415478348732
X_feature_short_interest_to_volume_log_ratio_mean252,4,2008-03-20,-0.0033597371075302362
X_feature_short_interest_to_volume_log_ratio_mean252,5,2010-08-06,-0.0011078985213922958
X_feature_short_interest_to_volume_log_ratio_mean252,6,2012-12-24,-0.00016704884668191275
X_feature_short_interest_to_volume_log_ratio_mean252,7,2015-05-14,-0.001068978065935274
X_feature_short_interest_to_volume_log_ratio_mean252,8,2017-09-29,-0.001149391639046371
X_feature_short_interest_to_volume_log_ratio_mean252,9,2020-02-20,-0.0007214013603515923
X_feature_short_interest_to_volume_log_ratio_mean252,10,2022-07-08,-0.0009681471662285427
X_feature_short_interest_to_volume_log_ratio_mean252,11,2024-11-25,-0.0020487279010315738
X_feature_short_interest_to_volume_log_ratio_mean63,0,1998-09-03,-0.00839982678492864
X_feature_short_interest_to_volume_log_ratio_mean63,1,2001-01-22,-0.009280338883399963
X_feature_short_interest_to_volume_log_ratio_mean63,2,2003-06-13,-0.005118018481880426
X_feature_short_interest_to_volume_log_ratio_mean63,3,2005-10-28,-0.005757930222898722
X_feature_short_interest_to_volume_log_ratio_mean63,4,2008-03-20,-0.007290953925500314
X_feature_short_interest_to_volume_log_ratio_mean63,5,2010-08-06,-0.006854901555925608
X_feature_short_interest_to_volume_log_ratio_mean63,6,2012-12-24,-0.00726812348390619
X_feature_short_interest_to_volume_log_ratio_mean63,7,2015-05-14,-0.006403758345792691
X_feature_short_interest_to_volume_log_ratio_mean63,8,2017-09-29,-0.007280631922185421
X_feature_short_interest_to_volume_log_ratio_mean63,9,2020-02-20,-0.006768218396852414
X_feature_short_interest_to_volume_log_ratio_mean63,10,2022-07-08,-0.00654367512712876
X_feature_short_interest_to_volume_log_ratio_mean63,11,2024-11-25,-0.006624255795031786
X_feature_short_interest_to_volume_log_ratio_std252,0,1998-09-03,0.008081656415015459
X_feature_short_interest_to_volume_log_ratio_std252,1,2001-01-22,0.006929834218074878
X_feature_short_interest_to_volume_log_ratio_std252,2,2003-06-13,0.0070219508682688074
X_feature_short_interest_to_volume_log_ratio_std252,3,2005-10-28,0.007817306400587162
X_feature_short_interest_to_volume_log_ratio_std252,4,2008-03-20,0.006726281251758337
X_feature_short_interest_to_volume_log_ratio_std252,5,2010-08-06,0.0060983529935280485
X_feature_short_interest_to_volume_log_ratio_std252,6,2012-12-24,0.005550728489955266
X_feature_short_interest_to_volume_log_ratio_std252,7,2015-05-14,0.0049823444957534475
X_feature_short_interest_to_volume_log_ratio_std252,8,2017-09-29,0.0038099377416074276
X_feature_short_interest_to_volume_log_ratio_std252,9,2020-02-20,0.004013589428116878
X_feature_short_interest_to_volume_log_ratio_std252,10,2022-07-08,0.0035763244765500226
X_feature_short_interest_to_volume_log_ratio_std252,11,2024-11-25,0.003264996145541469
X_feature_short_interest_to_volume_log_ratio_std63,0,1998-09-03,0.0032267626374959946
X_feature_short_interest_to_volume_log_ratio_std63,1,2001-01-22,0.0019331139822800953
X_feature_short_interest_to_volume_log_ratio_std63,2,2003-06-13,0.0036227624708165727
X_feature_short_interest_to_volume_log_ratio_std63,3,2005-10-28,0.004073381113509337
X_feature_short_interest_to_volume_log_ratio_std63,4,2008-03-20,0.000918387978648146
X_feature_short_interest_to_volume_log_ratio_std63,5,2010-08-06,0.0026065600104629993
X_feature_short_interest_to_volume_log_ratio_std63,6,2012-12-24,0.0021186048009743295
X_feature_short_interest_to_volume_log_ratio_std63,7,2015-05-14,0.0015775671151156228
X_feature_short_interest_to_volume_log_ratio_std63,8,2017-09-29,0.0014189769281074405
X_feature_short_interest_to_volume_log_ratio_std63,9,2020-02-20,0.0008923498874840637
X_feature_short_interest_to_volume_log_ratio_std63,10,2022-07-08,-0.00011522521526785567
X_feature_short_interest_to_volume_log_ratio_std63,11,2024-11-25,0.0006808562126631538
X_feature_volume_log_volume_ratio_max126,0,1998-09-03,0.011407834788163504
X_feature_volume_log_volume_ratio_max126,1,2001-01-22,0.008706423453986645
X_feature_volume_log_volume_ratio_max126,2,2003-06-13,0.00818651169538498
X_feature_volume_log_volume_ratio_max126,3,2005-10-28,0.005652693410714467
X_feature_volume_log_volume_ratio_max126,4,2008-03-20,0.005214956433822711
X_feature_volume_log_volume_ratio_max126,5,2010-08-06,0.005112751076618831
X_feature_volume_log_volume_ratio_max126,6,2012-12-24,0.004284303945799668
X_feature_volume_log_volume_ratio_max126,7,2015-05-14,0.003668901432926456
X_feature_volume_log_volume_ratio_max126,8,2017-09-29,0.0025032018311321735
X_feature_volume_log_volume_ratio_max126,9,2020-02-20,0.0014797763821358483
X_feature_volume_log_volume_ratio_max126,10,2022-07-08,0.0019766992578903833
X_feature_volume_log_volume_ratio_max126,11,2024-11-25,0.0019423320579032104
X_feature_volume_log_volume_ratio_max252,0,1998-09-03,0.005250167877723773
X_feature_volume_log_volume_ratio_max252,1,2001-01-22,0.004340960644185543
X_feature_volume_log_volume_ratio_max252,2,2003-06-13,0.002003245404921472
X_feature_volume_log_volume_ratio_max252,3,2005-10-28,0.0014161098127563794
X_feature_volume_log_volume_ratio_max252,4,2008-03-20,-0.0002505022663778315
X_feature_volume_log_volume_ratio_max252,5,2010-08-06,0.0005715727844896416
X_feature_volume_log_volume_ratio_max252,6,2012-12-24,0.0009231978716949621
X_feature_volume_log_volume_ratio_max252,7,2015-05-14,0.0006463536410592496
X_feature_volume_log_volume_ratio_max252,8,2017-09-29,0.0015187410172075033
X_feature_volume_log_volume_ratio_max252,9,2020-02-20,0.0015635799694185455
X_feature_volume_log_volume_ratio_max252,10,2022-07-08,0.0018312281851346295
X_feature_volume_log_volume_ratio_max252,11,2024-11-25,0.0014888993464410305
X_feature_volume_log_volume_std126,0,1998-09-03,0.003928860649466515
X_feature_volume_log_volume_std126,1,2001-01-22,0.005309588896731536
X_feature_volume_log_volume_std126,2,2003-06-13,0.0036322379019111395
X_feature_volume_log_volume_std126,3,2005-10-28,0.003653512646754583
X_feature_volume_log_volume_std126,4,2008-03-20,0.003308642112339536
X_feature_volume_log_volume_std126,5,2010-08-06,0.003477715188637376
X_feature_volume_log_volume_std126,6,2012-12-24,0.0029790773211667934
X_feature_volume_log_volume_std126,7,2015-05-14,0.0029170069998751083
X_feature_volume_log_volume_std126,8,2017-09-29,0.001996781793422997
X_feature_volume_log_volume_std126,9,2020-02-20,0.0022550465849538646
X_feature_volume_log_volume_std126,10,2022-07-08,0.002353413961827755
X_feature_volume_log_volume_std126,11,2024-11-25,0.0023682531900703907
X_feature_volume_log_volume_std504,0,1998-09-03,-0.003266413618500034
X_feature_volume_log_volume_std504,1,2001-01-22,0.00454552099108696
X_feature_volume_log_volume_std504,2,2003-06-13,0.004262348171323538
X_feature_volume_log_volume_std504,3,2005-10-28,0.003483568085357547
X_feature_volume_log_volume_std504,4,2008-03-20,0.0038751527511825166
X_feature_volume_log_volume_std504,5,2010-08-06,0.0010366392865156133
X_feature_volume_log_volume_std504,6,2012-12-24,0.0006572732624287406
X_feature_volume_log_volume_std504,7,2015-05-14,0.0009749166007774571
X_feature_volume_log_volume_std504,8,2017-09-29,0.00031440614839084446
X_feature_volume_log_volume_std504,9,2020-02-20,-0.0005387089040596038
X_feature_volume_log_volume_std504,10,2022-07-08,-0.001364242013854285
X_feature_volume_log_volume_std504,11,2024-11-25,-0.0014493863563984632
X_feature_volume_log_volume_std63,0,1998-09-03,-0.0034030387178063393
X_feature_volume_log_volume_std63,1,2001-01-22,-0.00010198542925839622
X_feature_volume_log_volume_std63,2,2003-06-13,0.003170464731131991
X_feature_volume_log_volume_std63,3,2005-10-28,0.0030618697249641023
X_feature_volume_log_volume_std63,4,2008-03-20,0.005109156171480815
X_feature_volume_log_volume_std63,5,2010-08-06,0.004560156414906184
X_feature_volume_log_volume_std63,6,2012-12-24,0.004101286331812541
X_feature_volume_log_volume_std63,7,2015-05-14,0.003133449781065186
X_feature_volume_log_volume_std63,8,2017-09-29,0.0035343507770448923
X_feature_volume_log_volume_std63,9,2020-02-20,0.0040899535330633325
X_feature_volume_log_volume_std63,10,2022-07-08,0.004716740145037572
X_feature_volume_log_volume_std63,11,2024-11-25,0.003918881605689724
