period,score_rank_autocorrelation_15,dates,model
development,0.7588946368141083,1175,equal_weight
development,0.6512558373555224,1175,ols
development,0.6575532851384042,1175,ridge_0p01
development,0.6708697392331793,1175,ridge_0p1
development,0.6384597740528432,1175,ridge_1
development,0.6428038910475183,1175,ridge_10
development,0.6592700527323053,1175,ridge_100
development,0.7647291100686946,1175,theme_equal
later,0.8632844585210979,217,equal_weight
later,0.7372977118338307,217,ols
later,0.7478942541482811,217,ridge_0p01
later,0.7895049205573473,217,ridge_0p1
later,0.8305701962264452,217,ridge_1
later,0.8705726260413772,217,ridge_10
later,0.8853638732488254,217,ridge_100
later,0.8290903164393874,217,theme_equal
